[{"model": "admin.logentry", "pk": 1, "fields": {"action_time": "2023-08-09T02:42:05.999Z", "user": 1, "content_type": 10, "object_id": "1", "object_repr": "Like by john5@example.com on Post by john5@example.com at 2023-08-08 02:41:29.831956+00:00", "action_flag": 1, "change_message": "[{\"added\": {}}]"}}, {"model": "admin.logentry", "pk": 2, "fields": {"action_time": "2023-08-09T02:47:45.599Z", "user": 1, "content_type": 9, "object_id": "3", "object_repr": "Post by john5@example.com at 2023-08-08 02:41:29.831956+00:00", "action_flag": 2, "change_message": "[]"}}, {"model": "admin.logentry", "pk": 3, "fields": {"action_time": "2023-08-09T02:47:53.610Z", "user": 1, "content_type": 10, "object_id": "1", "object_repr": "Like by john5@example.com on Post by john5@example.com at 2023-08-08 02:41:29.831956+00:00", "action_flag": 2, "change_message": "[]"}}, {"model": "admin.logentry", "pk": 4, "fields": {"action_time": "2023-08-09T02:50:05.224Z", "user": 1, "content_type": 10, "object_id": "2", "object_repr": "Like by advaith007cube@gmail.com on Post by john5@example.com at 2023-08-08 02:41:29.831956+00:00", "action_flag": 1, "change_message": "[{\"added\": {}}]"}}, {"model": "admin.logentry", "pk": 5, "fields": {"action_time": "2023-08-09T02:52:16.460Z", "user": 1, "content_type": 10, "object_id": "1", "object_repr": "Like by john5@example.com on Post by john5@example.com at 2023-08-08 02:41:29.831956+00:00", "action_flag": 3, "change_message": ""}}, {"model": "admin.logentry", "pk": 6, "fields": {"action_time": "2023-08-09T02:53:44.155Z", "user": 1, "content_type": 11, "object_id": "1", "object_repr": "Comment by john5@example.com on Post by john5@example.com at 2023-08-08 02:40:09.600796+00:00: dsrge", "action_flag": 1, "change_message": "[{\"added\": {}}]"}}, {"model": "admin.logentry", "pk": 7, "fields": {"action_time": "2023-08-09T03:23:43.482Z", "user": 1, "content_type": 10, "object_id": "2", "object_repr": "Like by advaith007cube@gmail.com on Post by john5@example.com at 2023-08-08 02:41:29.831956+00:00", "action_flag": 2, "change_message": "[]"}}, {"model": "admin.logentry", "pk": 8, "fields": {"action_time": "2023-08-09T03:23:49.081Z", "user": 1, "content_type": 10, "object_id": "3", "object_repr": "Like by john5@example.com on Post by john5@example.com at 2023-08-08 02:41:29.831956+00:00", "action_flag": 1, "change_message": "[{\"added\": {}}]"}}, {"model": "admin.logentry", "pk": 9, "fields": {"action_time": "2023-08-09T03:28:50.892Z", "user": 1, "content_type": 11, "object_id": "2", "object_repr": "Comment by john5@example.com on Post by john5@example.com at 2023-08-08 02:41:29.831956+00:00: adf", "action_flag": 1, "change_message": "[{\"added\": {}}]"}}, {"model": "admin.logentry", "pk": 10, "fields": {"action_time": "2023-08-09T03:28:54.617Z", "user": 1, "content_type": 11, "object_id": "2", "object_repr": "Comment by john5@example.com on Post by john5@example.com at 2023-08-08 02:41:29.831956+00:00: adf", "action_flag": 2, "change_message": "[]"}}, {"model": "admin.logentry", "pk": 11, "fields": {"action_time": "2023-08-09T03:28:59.954Z", "user": 1, "content_type": 11, "object_id": "3", "object_repr": "Comment by john5@example.com on Post by john5@example.com at 2023-08-08 02:41:29.831956+00:00: sadfsd", "action_flag": 1, "change_message": "[{\"added\": {}}]"}}, {"model": "admin.logentry", "pk": 12, "fields": {"action_time": "2023-08-10T04:48:52.753Z", "user": 1, "content_type": 6, "object_id": "5", "object_repr": "", "action_flag": 3, "change_message": ""}}, {"model": "admin.logentry", "pk": 13, "fields": {"action_time": "2023-08-10T04:51:58.879Z", "user": 1, "content_type": 6, "object_id": "6", "object_repr": "", "action_flag": 3, "change_message": ""}}, {"model": "admin.logentry", "pk": 14, "fields": {"action_time": "2023-08-10T06:29:33.863Z", "user": 1, "content_type": 6, "object_id": "6", "object_repr": "NoneNone", "action_flag": 3, "change_message": ""}}, {"model": "admin.logentry", "pk": 15, "fields": {"action_time": "2023-08-10T06:29:38.814Z", "user": 1, "content_type": 6, "object_id": "5", "object_repr": "NoneNone", "action_flag": 3, "change_message": ""}}, {"model": "admin.logentry", "pk": 16, "fields": {"action_time": "2023-08-10T06:39:14.936Z", "user": 1, "content_type": 6, "object_id": "7", "object_repr": "email", "action_flag": 3, "change_message": ""}}, {"model": "admin.logentry", "pk": 17, "fields": {"action_time": "2023-08-10T06:39:40.779Z", "user": 1, "content_type": 7, "object_id": "3", "object_repr": "abi", "action_flag": 2, "change_message": "[{\"changed\": {\"fields\": [\"Profile picture\"]}}]"}}, {"model": "admin.logentry", "pk": 18, "fields": {"action_time": "2023-08-11T02:29:49.192Z", "user": 1, "content_type": 6, "object_id": "8", "object_repr": " ", "action_flag": 3, "change_message": ""}}, {"model": "admin.logentry", "pk": 19, "fields": {"action_time": "2023-08-11T02:30:19.521Z", "user": 1, "content_type": 6, "object_id": "9", "object_repr": "test@test.com", "action_flag": 2, "change_message": "[{\"changed\": {\"fields\": [\"Email\"]}}]"}}, {"model": "admin.logentry", "pk": 20, "fields": {"action_time": "2023-08-11T02:56:52.499Z", "user": 1, "content_type": 6, "object_id": "10", "object_repr": "", "action_flag": 3, "change_message": ""}}, {"model": "admin.logentry", "pk": 21, "fields": {"action_time": "2023-08-11T03:00:32.068Z", "user": 1, "content_type": 6, "object_id": "12", "object_repr": "", "action_flag": 3, "change_message": ""}}, {"model": "admin.logentry", "pk": 22, "fields": {"action_time": "2023-08-11T03:00:32.072Z", "user": 1, "content_type": 6, "object_id": "11", "object_repr": "", "action_flag": 3, "change_message": ""}}, {"model": "admin.logentry", "pk": 23, "fields": {"action_time": "2023-08-11T03:37:44.265Z", "user": 1, "content_type": 6, "object_id": "20", "object_repr": "john61111112@example.com", "action_flag": 3, "change_message": ""}}, {"model": "admin.logentry", "pk": 24, "fields": {"action_time": "2023-08-11T03:37:44.269Z", "user": 1, "content_type": 6, "object_id": "19", "object_repr": "john6111111@example.com", "action_flag": 3, "change_message": ""}}, {"model": "admin.logentry", "pk": 25, "fields": {"action_time": "2023-08-11T03:37:44.274Z", "user": 1, "content_type": 6, "object_id": "18", "object_repr": "john611111@example.com", "action_flag": 3, "change_message": ""}}, {"model": "admin.logentry", "pk": 26, "fields": {"action_time": "2023-08-11T03:37:44.278Z", "user": 1, "content_type": 6, "object_id": "17", "object_repr": "john61111@example.com", "action_flag": 3, "change_message": ""}}, {"model": "admin.logentry", "pk": 27, "fields": {"action_time": "2023-08-11T03:37:44.282Z", "user": 1, "content_type": 6, "object_id": "16", "object_repr": "john6111@example.com", "action_flag": 3, "change_message": ""}}, {"model": "admin.logentry", "pk": 28, "fields": {"action_time": "2023-08-11T03:37:44.286Z", "user": 1, "content_type": 6, "object_id": "15", "object_repr": "john611@example.com", "action_flag": 3, "change_message": ""}}, {"model": "admin.logentry", "pk": 29, "fields": {"action_time": "2023-08-11T03:37:44.290Z", "user": 1, "content_type": 6, "object_id": "14", "object_repr": "john61@example.com", "action_flag": 3, "change_message": ""}}, {"model": "admin.logentry", "pk": 30, "fields": {"action_time": "2023-08-11T03:37:44.294Z", "user": 1, "content_type": 6, "object_id": "13", "object_repr": "john6@example.com", "action_flag": 3, "change_message": ""}}, {"model": "admin.logentry", "pk": 31, "fields": {"action_time": "2023-08-14T04:18:46.858Z", "user": 1, "content_type": 13, "object_id": "1", "object_repr": "CollectionItem object (1)", "action_flag": 1, "change_message": "[{\"added\": {}}]"}}, {"model": "admin.logentry", "pk": 32, "fields": {"action_time": "2023-08-14T04:24:51.781Z", "user": 1, "content_type": 13, "object_id": "2", "object_repr": "CollectionItem object (2)", "action_flag": 1, "change_message": "[{\"added\": {}}]"}}, {"model": "admin.logentry", "pk": 33, "fields": {"action_time": "2023-08-14T04:25:13.309Z", "user": 1, "content_type": 13, "object_id": "3", "object_repr": "CollectionItem object (3)", "action_flag": 1, "change_message": "[{\"added\": {}}]"}}, {"model": "admin.logentry", "pk": 34, "fields": {"action_time": "2023-08-14T09:05:02.484Z", "user": 1, "content_type": 7, "object_id": "1", "object_repr": "john_doe4", "action_flag": 2, "change_message": "[{\"changed\": {\"fields\": [\"Profile picture\"]}}]"}}, {"model": "admin.logentry", "pk": 35, "fields": {"action_time": "2023-08-14T09:30:45.964Z", "user": 1, "content_type": 7, "object_id": "21", "object_repr": "Abi__", "action_flag": 2, "change_message": "[{\"changed\": {\"fields\": [\"Profile picture\"]}}]"}}, {"model": "admin.logentry", "pk": 36, "fields": {"action_time": "2023-08-14T09:31:21.130Z", "user": 1, "content_type": 7, "object_id": "20", "object_repr": "abi_", "action_flag": 2, "change_message": "[{\"changed\": {\"fields\": [\"Profile picture\"]}}]"}}, {"model": "admin.logentry", "pk": 37, "fields": {"action_time": "2023-08-16T05:36:30.074Z", "user": 1, "content_type": 9, "object_id": "7", "object_repr": "Post by john_doe4 at 2023-08-14 08:48:36.312023+00:00", "action_flag": 2, "change_message": "[{\"changed\": {\"fields\": [\"Media content\"]}}]"}}, {"model": "admin.logentry", "pk": 38, "fields": {"action_time": "2023-08-16T09:27:52.244Z", "user": 1, "content_type": 9, "object_id": "12", "object_repr": "Post by abi at 2023-08-16 09:27:01.675952+00:00", "action_flag": 3, "change_message": ""}}, {"model": "admin.logentry", "pk": 39, "fields": {"action_time": "2023-08-16T10:05:20.207Z", "user": 1, "content_type": 9, "object_id": "15", "object_repr": "Post by john_doe8 at 2023-08-16 10:04:58.218376+00:00", "action_flag": 3, "change_message": ""}}, {"model": "admin.logentry", "pk": 40, "fields": {"action_time": "2023-08-16T10:05:20.211Z", "user": 1, "content_type": 9, "object_id": "14", "object_repr": "Post by john_doe8 at 2023-08-16 10:04:07.980623+00:00", "action_flag": 3, "change_message": ""}}, {"model": "admin.logentry", "pk": 41, "fields": {"action_time": "2023-08-16T10:05:20.215Z", "user": 1, "content_type": 9, "object_id": "13", "object_repr": "Post by abi at 2023-08-16 09:37:17.528318+00:00", "action_flag": 3, "change_message": ""}}, {"model": "admin.logentry", "pk": 42, "fields": {"action_time": "2023-08-16T10:37:29.103Z", "user": 1, "content_type": 9, "object_id": "19", "object_repr": "Post by john_doe8 at 2023-08-16 10:36:55.672461+00:00", "action_flag": 3, "change_message": ""}}, {"model": "admin.logentry", "pk": 43, "fields": {"action_time": "2023-08-16T10:37:29.107Z", "user": 1, "content_type": 9, "object_id": "4", "object_repr": "Post by john_doe4 at 2023-08-09 06:35:41.345151+00:00", "action_flag": 3, "change_message": ""}}, {"model": "admin.logentry", "pk": 44, "fields": {"action_time": "2023-08-16T10:37:29.112Z", "user": 1, "content_type": 9, "object_id": "3", "object_repr": "Post by john_doe4 at 2023-08-08 02:41:29.831956+00:00", "action_flag": 3, "change_message": ""}}, {"model": "admin.logentry", "pk": 45, "fields": {"action_time": "2023-08-16T10:37:29.116Z", "user": 1, "content_type": 9, "object_id": "2", "object_repr": "Post by john_doe4 at 2023-08-08 02:40:09.600796+00:00", "action_flag": 3, "change_message": ""}}, {"model": "admin.logentry", "pk": 46, "fields": {"action_time": "2023-08-16T10:37:29.120Z", "user": 1, "content_type": 9, "object_id": "1", "object_repr": "Post by john_doe4 at 2023-08-07 11:40:54.221128+00:00", "action_flag": 3, "change_message": ""}}, {"model": "admin.logentry", "pk": 47, "fields": {"action_time": "2023-08-16T10:38:04.184Z", "user": 1, "content_type": 9, "object_id": "8", "object_repr": "Post by john_doe4 at 2023-08-16 06:46:17.374566+00:00", "action_flag": 3, "change_message": ""}}, {"model": "admin.logentry", "pk": 48, "fields": {"action_time": "2023-08-16T10:38:48.757Z", "user": 1, "content_type": 9, "object_id": "5", "object_repr": "Post by john_doe4 at 2023-08-10 06:11:05.372165+00:00", "action_flag": 3, "change_message": ""}}, {"model": "admin.logentry", "pk": 49, "fields": {"action_time": "2023-08-16T10:40:15.755Z", "user": 1, "content_type": 7, "object_id": "19", "object_repr": "robert_downey", "action_flag": 2, "change_message": "[{\"changed\": {\"fields\": [\"Username\", \"Full name\", \"Bio\"]}}]"}}, {"model": "admin.logentry", "pk": 50, "fields": {"action_time": "2023-08-16T10:40:59.195Z", "user": 1, "content_type": 7, "object_id": "19", "object_repr": "robert_downey", "action_flag": 2, "change_message": "[{\"changed\": {\"fields\": [\"Profile picture\"]}}]"}}, {"model": "admin.logentry", "pk": 51, "fields": {"action_time": "2023-08-16T10:41:21.586Z", "user": 1, "content_type": 7, "object_id": "19", "object_repr": "RobertDw", "action_flag": 2, "change_message": "[{\"changed\": {\"fields\": [\"Username\"]}}]"}}, {"model": "admin.logentry", "pk": 52, "fields": {"action_time": "2023-08-16T10:41:49.514Z", "user": 1, "content_type": 7, "object_id": "19", "object_repr": "RobertDowney", "action_flag": 2, "change_message": "[{\"changed\": {\"fields\": [\"Username\"]}}]"}}, {"model": "admin.logentry", "pk": 53, "fields": {"action_time": "2023-08-16T10:43:39.853Z", "user": 1, "content_type": 7, "object_id": "18", "object_repr": "harold_finch", "action_flag": 2, "change_message": "[{\"changed\": {\"fields\": [\"Username\", \"Full name\", \"Bio\", \"Profile picture\"]}}]"}}, {"model": "admin.logentry", "pk": 54, "fields": {"action_time": "2023-08-16T10:46:22.478Z", "user": 1, "content_type": 7, "object_id": "17", "object_repr": "KalyanSilks", "action_flag": 2, "change_message": "[{\"changed\": {\"fields\": [\"Username\", \"Full name\", \"Bio\"]}}]"}}, {"model": "admin.logentry", "pk": 55, "fields": {"action_time": "2023-08-16T10:46:44.506Z", "user": 1, "content_type": 7, "object_id": "17", "object_repr": "KalyanSilks", "action_flag": 2, "change_message": "[{\"changed\": {\"fields\": [\"Profile picture\"]}}]"}}, {"model": "admin.logentry", "pk": 56, "fields": {"action_time": "2023-08-16T10:47:43.423Z", "user": 1, "content_type": 9, "object_id": "17", "object_repr": "Post by abi at 2023-08-16 10:06:56.564978+00:00", "action_flag": 3, "change_message": ""}}, {"model": "admin.logentry", "pk": 57, "fields": {"action_time": "2023-08-16T10:49:27.751Z", "user": 1, "content_type": 7, "object_id": "10", "object_repr": "john_doe8", "action_flag": 2, "change_message": "[{\"changed\": {\"fields\": [\"Profile picture\"]}}]"}}, {"model": "admin.logentry", "pk": 58, "fields": {"action_time": "2023-08-16T10:51:38.719Z", "user": 1, "content_type": 10, "object_id": "57", "object_repr": "Like by KalyanSilks on Post by john_doe4 at 2023-08-10 06:44:45.153847+00:00", "action_flag": 1, "change_message": "[{\"added\": {}}]"}}, {"model": "admin.logentry", "pk": 59, "fields": {"action_time": "2023-08-16T10:52:00.319Z", "user": 1, "content_type": 10, "object_id": "57", "object_repr": "Like by KalyanSilks on Post by abi at 2023-08-16 10:13:29.742404+00:00", "action_flag": 2, "change_message": "[{\"changed\": {\"fields\": [\"Post\"]}}]"}}, {"model": "admin.logentry", "pk": 60, "fields": {"action_time": "2023-08-16T10:53:12.174Z", "user": 1, "content_type": 10, "object_id": "10", "object_repr": "Like by john_doe4 on Post by abi at 2023-08-16 10:13:29.742404+00:00", "action_flag": 2, "change_message": "[{\"changed\": {\"fields\": [\"Post\"]}}]"}}, {"model": "admin.logentry", "pk": 61, "fields": {"action_time": "2023-08-16T10:53:45.840Z", "user": 1, "content_type": 10, "object_id": "59", "object_repr": "Like by harold_finch on Post by abi at 2023-08-16 10:13:29.742404+00:00", "action_flag": 1, "change_message": "[{\"added\": {}}]"}}, {"model": "admin.logentry", "pk": 62, "fields": {"action_time": "2023-08-17T06:49:31.462Z", "user": 1, "content_type": 14, "object_id": "15", "object_repr": "john_doe8 follows john_doe17", "action_flag": 3, "change_message": ""}}, {"model": "admin.logentry", "pk": 63, "fields": {"action_time": "2023-08-17T06:49:31.468Z", "user": 1, "content_type": 14, "object_id": "13", "object_repr": "abi follows john_doe17", "action_flag": 3, "change_message": ""}}, {"model": "admin.logentry", "pk": 64, "fields": {"action_time": "2023-08-17T06:49:31.472Z", "user": 1, "content_type": 14, "object_id": "11", "object_repr": "john_doe4 follows a", "action_flag": 3, "change_message": ""}}, {"model": "admin.logentry", "pk": 65, "fields": {"action_time": "2023-08-17T06:49:31.476Z", "user": 1, "content_type": 14, "object_id": "9", "object_repr": "john_doe4 follows abi", "action_flag": 3, "change_message": ""}}, {"model": "admin.logentry", "pk": 66, "fields": {"action_time": "2023-08-17T06:49:31.481Z", "user": 1, "content_type": 14, "object_id": "3", "object_repr": "john_doe4 follows john_doe4", "action_flag": 3, "change_message": ""}}, {"model": "admin.logentry", "pk": 67, "fields": {"action_time": "2023-08-17T06:54:27.586Z", "user": 1, "content_type": 14, "object_id": "17", "object_repr": "john_doe8 follows Abi__", "action_flag": 3, "change_message": ""}}, {"model": "admin.logentry", "pk": 68, "fields": {"action_time": "2023-08-17T06:54:27.590Z", "user": 1, "content_type": 14, "object_id": "16", "object_repr": "john_doe8 follows john_doe17", "action_flag": 3, "change_message": ""}}, {"model": "admin.logentry", "pk": 69, "fields": {"action_time": "2023-08-17T08:05:26.538Z", "user": 1, "content_type": 11, "object_id": "16", "object_repr": "Comment by KalyanSilks on Post by john_doe8 at 2023-08-17 04:59:36.135558+00:00: Join us", "action_flag": 1, "change_message": "[{\"added\": {}}]"}}, {"model": "admin.logentry", "pk": 70, "fields": {"action_time": "2023-08-17T08:29:05.666Z", "user": 1, "content_type": 9, "object_id": "6", "object_repr": "Post by john_doe4 at 2023-08-10 06:44:45.153847+00:00", "action_flag": 2, "change_message": "[{\"changed\": {\"fields\": [\"Caption\"]}}]"}}, {"model": "admin.logentry", "pk": 71, "fields": {"action_time": "2023-08-17T08:29:28.878Z", "user": 1, "content_type": 9, "object_id": "7", "object_repr": "Post by john_doe4 at 2023-08-14 08:48:36.312023+00:00", "action_flag": 2, "change_message": "[{\"changed\": {\"fields\": [\"Caption\"]}}]"}}, {"model": "admin.logentry", "pk": 72, "fields": {"action_time": "2023-08-17T08:30:11.667Z", "user": 1, "content_type": 9, "object_id": "9", "object_repr": "Post by john_doe4 at 2023-08-16 06:48:15.862700+00:00", "action_flag": 2, "change_message": "[{\"changed\": {\"fields\": [\"Caption\"]}}]"}}, {"model": "admin.logentry", "pk": 73, "fields": {"action_time": "2023-08-17T08:30:42.134Z", "user": 1, "content_type": 11, "object_id": "11", "object_repr": "Comment by abi on Post by abi at 2023-08-16 10:13:29.742404+00:00: Making my own insta clone day 2", "action_flag": 2, "change_message": "[{\"changed\": {\"fields\": [\"Text\"]}}]"}}, {"model": "admin.logentry", "pk": 74, "fields": {"action_time": "2023-08-17T08:31:19.617Z", "user": 1, "content_type": 9, "object_id": "10", "object_repr": "Post by john_doe4 at 2023-08-16 06:48:21.484877+00:00", "action_flag": 2, "change_message": "[{\"changed\": {\"fields\": [\"Caption\"]}}]"}}, {"model": "admin.logentry", "pk": 75, "fields": {"action_time": "2023-08-17T08:31:55.650Z", "user": 1, "content_type": 9, "object_id": "16", "object_repr": "Post by abi at 2023-08-16 10:04:59.809785+00:00", "action_flag": 2, "change_message": "[{\"changed\": {\"fields\": [\"Caption\"]}}]"}}, {"model": "admin.logentry", "pk": 76, "fields": {"action_time": "2023-08-17T08:32:39.091Z", "user": 1, "content_type": 9, "object_id": "18", "object_repr": "Post by abi at 2023-08-16 10:13:29.742404+00:00", "action_flag": 2, "change_message": "[{\"changed\": {\"fields\": [\"Caption\"]}}]"}}, {"model": "admin.logentry", "pk": 77, "fields": {"action_time": "2023-08-17T11:28:24.186Z", "user": 1, "content_type": 9, "object_id": "27", "object_repr": "Post by abi at 2023-08-17 10:58:00.574001+00:00", "action_flag": 3, "change_message": ""}}, {"model": "admin.logentry", "pk": 78, "fields": {"action_time": "2023-08-17T11:28:35.438Z", "user": 1, "content_type": 9, "object_id": "24", "object_repr": "Post by RobertDowney at 2023-08-17 10:30:08.293626+00:00", "action_flag": 2, "change_message": "[{\"changed\": {\"fields\": [\"Author\"]}}]"}}, {"model": "admin.logentry", "pk": 79, "fields": {"action_time": "2023-08-17T11:28:47.939Z", "user": 1, "content_type": 9, "object_id": "23", "object_repr": "Post by KalyanSilks at 2023-08-17 10:27:33.752514+00:00", "action_flag": 2, "change_message": "[{\"changed\": {\"fields\": [\"Author\"]}}]"}}, {"model": "admin.logentry", "pk": 80, "fields": {"action_time": "2023-08-17T11:29:13.339Z", "user": 1, "content_type": 9, "object_id": "22", "object_repr": "Post by harold_finch at 2023-08-17 10:24:00.419153+00:00", "action_flag": 2, "change_message": "[{\"changed\": {\"fields\": [\"Author\"]}}]"}}, {"model": "admin.logentry", "pk": 81, "fields": {"action_time": "2023-08-17T11:30:01.105Z", "user": 1, "content_type": 9, "object_id": "20", "object_repr": "Post by john_doe8 at 2023-08-17 04:59:36.135558+00:00", "action_flag": 2, "change_message": "[{\"changed\": {\"fields\": [\"Caption\"]}}]"}}, {"model": "admin.logentry", "pk": 82, "fields": {"action_time": "2023-08-17T11:34:45.688Z", "user": 1, "content_type": 9, "object_id": "29", "object_repr": "Post by john_doe8 at 2023-08-17 11:34:11.226676+00:00", "action_flag": 3, "change_message": ""}}, {"model": "admin.logentry", "pk": 83, "fields": {"action_time": "2023-08-17T11:34:45.693Z", "user": 1, "content_type": 9, "object_id": "28", "object_repr": "Post by john_doe8 at 2023-08-17 11:30:53.848232+00:00", "action_flag": 3, "change_message": ""}}, {"model": "admin.logentry", "pk": 84, "fields": {"action_time": "2023-08-17T11:35:54.588Z", "user": 1, "content_type": 14, "object_id": "27", "object_repr": "john_doe8 follows Abi__", "action_flag": 3, "change_message": ""}}, {"model": "admin.logentry", "pk": 85, "fields": {"action_time": "2023-08-17T11:35:54.593Z", "user": 1, "content_type": 14, "object_id": "25", "object_repr": "john_doe8 follows john_doe17", "action_flag": 3, "change_message": ""}}, {"model": "admin.logentry", "pk": 86, "fields": {"action_time": "2023-08-21T11:17:43.710Z", "user": 1, "content_type": 9, "object_id": "9", "object_repr": "Post by john_doe4 at 2023-08-16 06:48:15.862700+00:00", "action_flag": 2, "change_message": "[{\"changed\": {\"fields\": [\"Media content\", \"Caption\"]}}]"}}, {"model": "admin.logentry", "pk": 87, "fields": {"action_time": "2023-08-21T11:19:14.741Z", "user": 1, "content_type": 9, "object_id": "10", "object_repr": "Post by john_doe4 at 2023-08-16 06:48:21.484877+00:00", "action_flag": 2, "change_message": "[{\"changed\": {\"fields\": [\"Media content\", \"Caption\"]}}]"}}, {"model": "admin.logentry", "pk": 88, "fields": {"action_time": "2023-08-21T11:23:52.705Z", "user": 1, "content_type": 9, "object_id": "11", "object_repr": "Post by john_doe4 at 2023-08-16 06:48:35.245046+00:00", "action_flag": 2, "change_message": "[{\"changed\": {\"fields\": [\"Media content\", \"Caption\"]}}]"}}, {"model": "admin.logentry", "pk": 89, "fields": {"action_time": "2023-08-21T11:26:19.585Z", "user": 1, "content_type": 9, "object_id": "21", "object_repr": "Post by abi at 2023-08-17 08:10:23.261877+00:00", "action_flag": 2, "change_message": "[{\"changed\": {\"fields\": [\"Media content\", \"Caption\"]}}]"}}, {"model": "admin.logentry", "pk": 90, "fields": {"action_time": "2023-08-21T11:28:43.179Z", "user": 1, "content_type": 9, "object_id": "18", "object_repr": "Post by abi at 2023-08-16 10:13:29.742404+00:00", "action_flag": 2, "change_message": "[{\"changed\": {\"fields\": [\"Media content\", \"Caption\"]}}]"}}, {"model": "admin.logentry", "pk": 91, "fields": {"action_time": "2023-08-21T11:31:43.753Z", "user": 1, "content_type": 9, "object_id": "31", "object_repr": "Post by harold_finch at 2023-08-21 11:31:43.752289+00:00", "action_flag": 1, "change_message": "[{\"added\": {}}]"}}, {"model": "admin.logentry", "pk": 92, "fields": {"action_time": "2023-08-22T06:05:59.155Z", "user": 1, "content_type": 14, "object_id": "28", "object_repr": "john_doe4 follows abi", "action_flag": 1, "change_message": "[{\"added\": {}}]"}}, {"model": "admin.logentry", "pk": 93, "fields": {"action_time": "2023-08-22T06:06:15.470Z", "user": 1, "content_type": 14, "object_id": "29", "object_repr": "RobertDowney follows abi", "action_flag": 1, "change_message": "[{\"added\": {}}]"}}, {"model": "admin.logentry", "pk": 94, "fields": {"action_time": "2023-08-22T06:08:02.052Z", "user": 1, "content_type": 14, "object_id": "30", "object_repr": "abi follows john_doe17", "action_flag": 1, "change_message": "[{\"added\": {}}]"}}, {"model": "admin.logentry", "pk": 95, "fields": {"action_time": "2023-08-22T06:08:11.338Z", "user": 1, "content_type": 14, "object_id": "31", "object_repr": "abi follows john_doe17", "action_flag": 1, "change_message": "[{\"added\": {}}]"}}, {"model": "admin.logentry", "pk": 96, "fields": {"action_time": "2023-08-22T11:29:28.820Z", "user": 1, "content_type": 7, "object_id": "3", "object_repr": "abi", "action_flag": 2, "change_message": "[{\"changed\": {\"fields\": [\"Bio\"]}}]"}}, {"model": "admin.logentry", "pk": 97, "fields": {"action_time": "2023-08-23T03:41:39.886Z", "user": 1, "content_type": 7, "object_id": "20", "object_repr": "abi_", "action_flag": 2, "change_message": "[{\"changed\": {\"fields\": [\"Bio\"]}}]"}}, {"model": "admin.logentry", "pk": 98, "fields": {"action_time": "2023-08-23T06:10:43.150Z", "user": 1, "content_type": 14, "object_id": "45", "object_repr": "abi_ follows john_doe17", "action_flag": 3, "change_message": ""}}, {"model": "admin.logentry", "pk": 99, "fields": {"action_time": "2023-08-23T06:10:43.281Z", "user": 1, "content_type": 14, "object_id": "31", "object_repr": "abi follows john_doe17", "action_flag": 3, "change_message": ""}}, {"model": "admin.logentry", "pk": 100, "fields": {"action_time": "2023-08-23T06:10:43.389Z", "user": 1, "content_type": 14, "object_id": "30", "object_repr": "abi follows john_doe17", "action_flag": 3, "change_message": ""}}, {"model": "admin.logentry", "pk": 101, "fields": {"action_time": "2023-08-23T06:11:06.755Z", "user": 1, "content_type": 14, "object_id": "46", "object_repr": "john_doe8 follows john_doe17", "action_flag": 3, "change_message": ""}}, {"model": "admin.logentry", "pk": 102, "fields": {"action_time": "2023-08-23T06:55:41.157Z", "user": 1, "content_type": 9, "object_id": "31", "object_repr": "Post by harold_finch at 2023-08-21 11:31:43.752289+00:00", "action_flag": 3, "change_message": ""}}, {"model": "admin.logentry", "pk": 103, "fields": {"action_time": "2023-08-23T08:33:20.334Z", "user": 1, "content_type": 14, "object_id": "48", "object_repr": "abhi_powli follows abhi_powli", "action_flag": 3, "change_message": ""}}, {"model": "admin.logentry", "pk": 104, "fields": {"action_time": "2023-08-23T09:20:52.178Z", "user": 1, "content_type": 6, "object_id": "27", "object_repr": "abhijith@gmail.com", "action_flag": 3, "change_message": ""}}, {"model": "admin.logentry", "pk": 105, "fields": {"action_time": "2023-08-25T03:33:06.452Z", "user": 1, "content_type": 9, "object_id": "45", "object_repr": "Post by abi_ at 2023-08-23 11:27:27.321804+00:00", "action_flag": 3, "change_message": ""}}, {"model": "admin.logentry", "pk": 106, "fields": {"action_time": "2023-08-25T03:33:06.457Z", "user": 1, "content_type": 9, "object_id": "44", "object_repr": "Post by abi_ at 2023-08-23 11:22:42.264161+00:00", "action_flag": 3, "change_message": ""}}, {"model": "admin.logentry", "pk": 107, "fields": {"action_time": "2023-08-25T03:33:06.461Z", "user": 1, "content_type": 9, "object_id": "43", "object_repr": "Post by abi_ at 2023-08-23 11:21:53.379310+00:00", "action_flag": 3, "change_message": ""}}, {"model": "admin.logentry", "pk": 108, "fields": {"action_time": "2023-08-25T03:33:06.465Z", "user": 1, "content_type": 9, "object_id": "42", "object_repr": "Post by abi_ at 2023-08-23 11:20:51.549857+00:00", "action_flag": 3, "change_message": ""}}, {"model": "admin.logentry", "pk": 109, "fields": {"action_time": "2023-08-25T03:33:06.469Z", "user": 1, "content_type": 9, "object_id": "41", "object_repr": "Post by abi_ at 2023-08-23 11:12:06.612128+00:00", "action_flag": 3, "change_message": ""}}, {"model": "admin.logentry", "pk": 110, "fields": {"action_time": "2023-08-25T03:33:06.473Z", "user": 1, "content_type": 9, "object_id": "40", "object_repr": "Post by abi_ at 2023-08-23 11:11:19.873795+00:00", "action_flag": 3, "change_message": ""}}, {"model": "admin.logentry", "pk": 111, "fields": {"action_time": "2023-08-25T03:33:06.498Z", "user": 1, "content_type": 9, "object_id": "39", "object_repr": "Post by abi_ at 2023-08-23 11:02:57.657947+00:00", "action_flag": 3, "change_message": ""}}, {"model": "admin.logentry", "pk": 112, "fields": {"action_time": "2023-08-25T03:33:06.501Z", "user": 1, "content_type": 9, "object_id": "38", "object_repr": "Post by abi_ at 2023-08-23 10:38:52.481897+00:00", "action_flag": 3, "change_message": ""}}, {"model": "admin.logentry", "pk": 113, "fields": {"action_time": "2023-08-25T03:33:06.506Z", "user": 1, "content_type": 9, "object_id": "37", "object_repr": "Post by abi_ at 2023-08-23 10:30:43.058321+00:00", "action_flag": 3, "change_message": ""}}, {"model": "admin.logentry", "pk": 114, "fields": {"action_time": "2023-08-25T03:33:06.510Z", "user": 1, "content_type": 9, "object_id": "36", "object_repr": "Post by abi_ at 2023-08-23 10:28:55.414660+00:00", "action_flag": 3, "change_message": ""}}, {"model": "admin.logentry", "pk": 115, "fields": {"action_time": "2023-08-25T03:33:06.514Z", "user": 1, "content_type": 9, "object_id": "30", "object_repr": "Post by abi_ at 2023-08-18 11:10:43.062249+00:00", "action_flag": 3, "change_message": ""}}, {"model": "admin.logentry", "pk": 116, "fields": {"action_time": "2023-08-25T03:52:19.444Z", "user": 1, "content_type": 9, "object_id": "46", "object_repr": "Post by john_doe8 at 2023-08-25 03:37:07.082853+00:00", "action_flag": 3, "change_message": ""}}, {"model": "admin.logentry", "pk": 117, "fields": {"action_time": "2023-08-25T05:08:08.449Z", "user": 1, "content_type": 9, "object_id": "49", "object_repr": "Post by abi_ at 2023-08-25 05:07:42.445864+00:00", "action_flag": 3, "change_message": ""}}, {"model": "admin.logentry", "pk": 118, "fields": {"action_time": "2023-08-25T05:08:26.514Z", "user": 1, "content_type": 9, "object_id": "48", "object_repr": "Post by abi_ at 2023-08-25 04:38:40.168560+00:00", "action_flag": 3, "change_message": ""}}, {"model": "admin.logentry", "pk": 119, "fields": {"action_time": "2023-08-25T05:09:03.575Z", "user": 1, "content_type": 9, "object_id": "47", "object_repr": "Post by abi_ at 2023-08-25 03:43:25.717328+00:00", "action_flag": 3, "change_message": ""}}, {"model": "admin.logentry", "pk": 120, "fields": {"action_time": "2023-08-25T05:24:11.891Z", "user": 1, "content_type": 9, "object_id": "25", "object_repr": "Post by harold_finch at 2023-08-25 05:24:11.890402+00:00", "action_flag": 1, "change_message": "[{\"added\": {}}]"}}, {"model": "admin.logentry", "pk": 121, "fields": {"action_time": "2023-08-25T05:24:31.624Z", "user": 1, "content_type": 9, "object_id": "25", "object_repr": "Post by harold_finch at 2023-08-25 05:24:11.890402+00:00", "action_flag": 3, "change_message": ""}}, {"model": "admin.logentry", "pk": 122, "fields": {"action_time": "2023-08-25T07:32:55.197Z", "user": 1, "content_type": 7, "object_id": "1", "object_repr": "john_doe4", "action_flag": 2, "change_message": "[{\"changed\": {\"fields\": [\"Banner image\"]}}]"}}, {"model": "admin.logentry", "pk": 123, "fields": {"action_time": "2023-08-25T07:36:36.694Z", "user": 1, "content_type": 7, "object_id": "20", "object_repr": "abi_", "action_flag": 2, "change_message": "[{\"changed\": {\"fields\": [\"Banner image\"]}}]"}}, {"model": "admin.logentry", "pk": 124, "fields": {"action_time": "2023-08-25T07:36:44.996Z", "user": 1, "content_type": 7, "object_id": "22", "object_repr": "john_doe17", "action_flag": 2, "change_message": "[{\"changed\": {\"fields\": [\"Banner image\"]}}]"}}, {"model": "admin.logentry", "pk": 125, "fields": {"action_time": "2023-08-25T07:36:53.190Z", "user": 1, "content_type": 7, "object_id": "21", "object_repr": "Abi__", "action_flag": 2, "change_message": "[{\"changed\": {\"fields\": [\"Banner image\"]}}]"}}, {"model": "admin.logentry", "pk": 126, "fields": {"action_time": "2023-08-25T07:37:23.005Z", "user": 1, "content_type": 7, "object_id": "19", "object_repr": "RobertDowney", "action_flag": 2, "change_message": "[{\"changed\": {\"fields\": [\"Banner image\"]}}]"}}, {"model": "admin.logentry", "pk": 127, "fields": {"action_time": "2023-08-25T07:37:30.116Z", "user": 1, "content_type": 7, "object_id": "18", "object_repr": "harold_finch", "action_flag": 2, "change_message": "[{\"changed\": {\"fields\": [\"Banner image\"]}}]"}}, {"model": "admin.logentry", "pk": 128, "fields": {"action_time": "2023-08-25T07:37:36.172Z", "user": 1, "content_type": 7, "object_id": "17", "object_repr": "KalyanSilks", "action_flag": 2, "change_message": "[{\"changed\": {\"fields\": [\"Banner image\"]}}]"}}, {"model": "admin.logentry", "pk": 129, "fields": {"action_time": "2023-08-25T07:37:41.428Z", "user": 1, "content_type": 7, "object_id": "10", "object_repr": "john_doe8", "action_flag": 2, "change_message": "[{\"changed\": {\"fields\": [\"Banner image\"]}}]"}}, {"model": "admin.logentry", "pk": 130, "fields": {"action_time": "2023-08-25T07:37:47.910Z", "user": 1, "content_type": 7, "object_id": "3", "object_repr": "abi", "action_flag": 2, "change_message": "[{\"changed\": {\"fields\": [\"Banner image\"]}}]"}}, {"model": "admin.logentry", "pk": 131, "fields": {"action_time": "2023-08-25T07:38:21.745Z", "user": 1, "content_type": 7, "object_id": "2", "object_repr": "a", "action_flag": 2, "change_message": "[{\"changed\": {\"fields\": [\"Banner image\"]}}]"}}, {"model": "admin.logentry", "pk": 132, "fields": {"action_time": "2023-08-25T10:56:51.613Z", "user": 1, "content_type": 9, "object_id": "36", "object_repr": "Post by abi_ at 2023-08-25 08:51:13.298013+00:00", "action_flag": 3, "change_message": ""}}, {"model": "admin.logentry", "pk": 133, "fields": {"action_time": "2023-08-25T10:56:51.624Z", "user": 1, "content_type": 9, "object_id": "35", "object_repr": "Post by abi_ at 2023-08-25 08:27:42.483674+00:00", "action_flag": 3, "change_message": ""}}, {"model": "admin.logentry", "pk": 134, "fields": {"action_time": "2023-08-25T10:56:51.628Z", "user": 1, "content_type": 9, "object_id": "34", "object_repr": "Post by abi_ at 2023-08-25 08:27:13.275555+00:00", "action_flag": 3, "change_message": ""}}, {"model": "admin.logentry", "pk": 135, "fields": {"action_time": "2023-08-25T10:56:51.632Z", "user": 1, "content_type": 9, "object_id": "33", "object_repr": "Post by abi_ at 2023-08-25 08:26:20.179059+00:00", "action_flag": 3, "change_message": ""}}, {"model": "admin.logentry", "pk": 136, "fields": {"action_time": "2023-08-25T10:56:51.636Z", "user": 1, "content_type": 9, "object_id": "32", "object_repr": "Post by abi_ at 2023-08-25 07:46:54.627382+00:00", "action_flag": 3, "change_message": ""}}, {"model": "admin.logentry", "pk": 137, "fields": {"action_time": "2023-08-25T10:56:51.640Z", "user": 1, "content_type": 9, "object_id": "31", "object_repr": "Post by abi_ at 2023-08-25 07:44:19.989360+00:00", "action_flag": 3, "change_message": ""}}, {"model": "admin.logentry", "pk": 138, "fields": {"action_time": "2023-08-25T10:56:51.644Z", "user": 1, "content_type": 9, "object_id": "30", "object_repr": "Post by abi_ at 2023-08-25 07:39:38.969526+00:00", "action_flag": 3, "change_message": ""}}, {"model": "admin.logentry", "pk": 139, "fields": {"action_time": "2023-08-25T10:56:51.649Z", "user": 1, "content_type": 9, "object_id": "29", "object_repr": "Post by abi_ at 2023-08-25 07:38:28.419068+00:00", "action_flag": 3, "change_message": ""}}, {"model": "admin.logentry", "pk": 140, "fields": {"action_time": "2023-08-25T10:56:51.654Z", "user": 1, "content_type": 9, "object_id": "28", "object_repr": "Post by abi_ at 2023-08-25 06:59:53.404204+00:00", "action_flag": 3, "change_message": ""}}, {"model": "admin.logentry", "pk": 141, "fields": {"action_time": "2023-08-25T10:56:51.658Z", "user": 1, "content_type": 9, "object_id": "27", "object_repr": "Post by abi_ at 2023-08-25 06:46:23.591671+00:00", "action_flag": 3, "change_message": ""}}, {"model": "admin.logentry", "pk": 142, "fields": {"action_time": "2023-08-25T10:56:51.662Z", "user": 1, "content_type": 9, "object_id": "26", "object_repr": "Post by abi_ at 2023-08-25 06:45:56.886319+00:00", "action_flag": 3, "change_message": ""}}, {"model": "admin.logentry", "pk": 143, "fields": {"action_time": "2023-08-31T05:21:54.962Z", "user": 1, "content_type": 9, "object_id": "42", "object_repr": "Post by abi_ at 2023-08-31 04:36:22.711474+00:00", "action_flag": 3, "change_message": ""}}, {"model": "admin.logentry", "pk": 144, "fields": {"action_time": "2023-08-31T05:21:54.966Z", "user": 1, "content_type": 9, "object_id": "41", "object_repr": "Post by abi_ at 2023-08-31 04:10:12.636926+00:00", "action_flag": 3, "change_message": ""}}, {"model": "admin.logentry", "pk": 145, "fields": {"action_time": "2023-08-31T05:21:54.970Z", "user": 1, "content_type": 9, "object_id": "40", "object_repr": "Post by abi_ at 2023-08-31 03:08:07.436804+00:00", "action_flag": 3, "change_message": ""}}, {"model": "admin.logentry", "pk": 146, "fields": {"action_time": "2023-08-31T05:53:50.813Z", "user": 1, "content_type": 9, "object_id": "39", "object_repr": "Post by abi_ at 2023-08-30 10:53:53.539326+00:00", "action_flag": 2, "change_message": "[{\"changed\": {\"fields\": [\"Content type\"]}}]"}}, {"model": "admin.logentry", "pk": 147, "fields": {"action_time": "2023-08-31T05:54:08.784Z", "user": 1, "content_type": 9, "object_id": "39", "object_repr": "Post by abi_ at 2023-08-30 10:53:53.539326+00:00", "action_flag": 2, "change_message": "[{\"changed\": {\"fields\": [\"Content type\"]}}]"}}, {"model": "admin.logentry", "pk": 148, "fields": {"action_time": "2023-08-31T05:54:37.770Z", "user": 1, "content_type": 9, "object_id": "39", "object_repr": "Post by abi_ at 2023-08-30 10:53:53.539326+00:00", "action_flag": 2, "change_message": "[{\"changed\": {\"fields\": [\"Content type\"]}}]"}}, {"model": "admin.logentry", "pk": 149, "fields": {"action_time": "2023-08-31T05:54:48.815Z", "user": 1, "content_type": 9, "object_id": "39", "object_repr": "Post by abi_ at 2023-08-30 10:53:53.539326+00:00", "action_flag": 2, "change_message": "[{\"changed\": {\"fields\": [\"Content type\"]}}]"}}, {"model": "admin.logentry", "pk": 150, "fields": {"action_time": "2023-08-31T05:56:22.032Z", "user": 1, "content_type": 9, "object_id": "39", "object_repr": "Post by abi_ at 2023-08-30 10:53:53.539326+00:00", "action_flag": 2, "change_message": "[{\"changed\": {\"fields\": [\"Content type\"]}}]"}}, {"model": "admin.logentry", "pk": 151, "fields": {"action_time": "2023-08-31T05:56:50.413Z", "user": 1, "content_type": 9, "object_id": "39", "object_repr": "Post by abi_ at 2023-08-30 10:53:53.539326+00:00", "action_flag": 2, "change_message": "[]"}}, {"model": "admin.logentry", "pk": 152, "fields": {"action_time": "2023-08-31T06:03:36.088Z", "user": 1, "content_type": 9, "object_id": "39", "object_repr": "Post by abi_ at 2023-08-30 10:53:53.539326+00:00", "action_flag": 2, "change_message": "[{\"changed\": {\"fields\": [\"Content type\"]}}]"}}, {"model": "admin.logentry", "pk": 153, "fields": {"action_time": "2023-09-01T06:06:28.275Z", "user": 1, "content_type": 9, "object_id": "40", "object_repr": "Post by john_doe4 at 2023-08-31 05:27:16.395858+00:00", "action_flag": 3, "change_message": ""}}, {"model": "admin.logentry", "pk": 154, "fields": {"action_time": "2023-09-01T06:29:24.289Z", "user": 1, "content_type": 9, "object_id": "49", "object_repr": "Post by john_doe8 at 2023-09-01 06:29:07.152282+00:00", "action_flag": 3, "change_message": ""}}, {"model": "admin.logentry", "pk": 155, "fields": {"action_time": "2023-09-01T06:29:41.751Z", "user": 1, "content_type": 9, "object_id": "48", "object_repr": "Post by abi_ at 2023-09-01 06:25:06.413576+00:00", "action_flag": 2, "change_message": "[{\"changed\": {\"fields\": [\"Author\"]}}]"}}, {"model": "admin.logentry", "pk": 156, "fields": {"action_time": "2023-09-01T06:29:47.951Z", "user": 1, "content_type": 9, "object_id": "47", "object_repr": "Post by abi_ at 2023-09-01 06:12:15.228640+00:00", "action_flag": 2, "change_message": "[{\"changed\": {\"fields\": [\"Author\"]}}]"}}, {"model": "admin.logentry", "pk": 157, "fields": {"action_time": "2023-09-01T06:37:01.949Z", "user": 1, "content_type": 9, "object_id": "51", "object_repr": "Post by john_doe8 at 2023-09-01 06:36:34.311294+00:00", "action_flag": 3, "change_message": ""}}, {"model": "admin.logentry", "pk": 158, "fields": {"action_time": "2023-09-01T06:37:11.088Z", "user": 1, "content_type": 9, "object_id": "50", "object_repr": "Post by abi_ at 2023-09-01 06:31:05.888116+00:00", "action_flag": 2, "change_message": "[{\"changed\": {\"fields\": [\"Author\"]}}]"}}, {"model": "admin.logentry", "pk": 159, "fields": {"action_time": "2023-09-01T06:59:23.711Z", "user": 1, "content_type": 9, "object_id": "50", "object_repr": "Post by abi_ at 2023-09-01 06:31:05.888116+00:00", "action_flag": 3, "change_message": ""}}, {"model": "admin.logentry", "pk": 160, "fields": {"action_time": "2023-09-01T07:08:50.562Z", "user": 1, "content_type": 9, "object_id": "45", "object_repr": "Post by abi_ at 2023-09-01 06:10:46.556881+00:00", "action_flag": 3, "change_message": ""}}, {"model": "admin.logentry", "pk": 161, "fields": {"action_time": "2023-09-01T07:08:55.184Z", "user": 1, "content_type": 9, "object_id": "46", "object_repr": "Post by abi_ at 2023-09-01 06:10:55.039229+00:00", "action_flag": 3, "change_message": ""}}, {"model": "admin.logentry", "pk": 162, "fields": {"action_time": "2023-09-01T07:09:07.459Z", "user": 1, "content_type": 9, "object_id": "52", "object_repr": "Post by abi_ at 2023-09-01 07:02:59.887142+00:00", "action_flag": 2, "change_message": "[{\"changed\": {\"fields\": [\"Author\"]}}]"}}, {"model": "admin.logentry", "pk": 163, "fields": {"action_time": "2023-09-01T07:24:35.769Z", "user": 1, "content_type": 9, "object_id": "54", "object_repr": "Post by john_doe8 at 2023-09-01 07:17:31.397505+00:00", "action_flag": 3, "change_message": ""}}, {"model": "admin.logentry", "pk": 164, "fields": {"action_time": "2023-09-01T07:37:56.374Z", "user": 1, "content_type": 10, "object_id": "135", "object_repr": "Like by KalyanSilks on Post by john_doe4 at 2023-08-10 06:44:45.153847+00:00", "action_flag": 1, "change_message": "[{\"added\": {}}]"}}, {"model": "admin.logentry", "pk": 165, "fields": {"action_time": "2023-09-01T07:38:17.463Z", "user": 1, "content_type": 10, "object_id": "136", "object_repr": "Like by harold_finch on Post by john_doe8 at 2023-09-01 07:14:37.404096+00:00", "action_flag": 1, "change_message": "[{\"added\": {}}]"}}, {"model": "admin.logentry", "pk": 166, "fields": {"action_time": "2023-09-01T10:52:01.142Z", "user": 1, "content_type": 9, "object_id": "56", "object_repr": "Post by abi_ at 2023-09-01 09:43:50.151341+00:00", "action_flag": 3, "change_message": ""}}, {"model": "admin.logentry", "pk": 167, "fields": {"action_time": "2023-09-01T10:52:26.948Z", "user": 1, "content_type": 14, "object_id": "101", "object_repr": "abi_ follows KalyanSilks", "action_flag": 3, "change_message": ""}}, {"model": "admin.logentry", "pk": 168, "fields": {"action_time": "2023-09-01T10:52:26.954Z", "user": 1, "content_type": 14, "object_id": "100", "object_repr": "abi_ follows harold_finch", "action_flag": 3, "change_message": ""}}, {"model": "admin.logentry", "pk": 169, "fields": {"action_time": "2023-09-01T10:52:26.960Z", "user": 1, "content_type": 14, "object_id": "99", "object_repr": "abi_ follows RobertDowney", "action_flag": 3, "change_message": ""}}, {"model": "admin.logentry", "pk": 170, "fields": {"action_time": "2023-09-04T03:59:37.945Z", "user": 1, "content_type": 15, "object_id": "4", "object_repr": " (john5@example.com)", "action_flag": 3, "change_message": ""}}, {"model": "admin.logentry", "pk": 171, "fields": {"action_time": "2023-09-04T03:59:37.950Z", "user": 1, "content_type": 15, "object_id": "3", "object_repr": " (john5@example.com)", "action_flag": 3, "change_message": ""}}, {"model": "admin.logentry", "pk": 172, "fields": {"action_time": "2023-09-04T03:59:37.954Z", "user": 1, "content_type": 15, "object_id": "2", "object_repr": " (john5@example.com)", "action_flag": 3, "change_message": ""}}, {"model": "admin.logentry", "pk": 173, "fields": {"action_time": "2023-09-04T03:59:37.958Z", "user": 1, "content_type": 15, "object_id": "1", "object_repr": " (john5@example.com)", "action_flag": 3, "change_message": ""}}, {"model": "admin.logentry", "pk": 174, "fields": {"action_time": "2023-09-04T04:00:30.068Z", "user": 1, "content_type": 15, "object_id": "5", "object_repr": "e (john5@example.com)", "action_flag": 2, "change_message": "[{\"changed\": {\"fields\": [\"Name\", \"Email\"]}}]"}}, {"model": "admin.logentry", "pk": 175, "fields": {"action_time": "2023-09-04T04:02:14.367Z", "user": 1, "content_type": 15, "object_id": "5", "object_repr": "e (john5@example.com)", "action_flag": 3, "change_message": ""}}, {"model": "admin.logentry", "pk": 176, "fields": {"action_time": "2023-09-04T04:16:10.739Z", "user": 1, "content_type": 15, "object_id": "7", "object_repr": " (joshuacarlton9@gmail.com)", "action_flag": 3, "change_message": ""}}, {"model": "admin.logentry", "pk": 177, "fields": {"action_time": "2023-09-04T04:16:10.744Z", "user": 1, "content_type": 15, "object_id": "6", "object_repr": " (john5@example.com)", "action_flag": 3, "change_message": ""}}, {"model": "admin.logentry", "pk": 178, "fields": {"action_time": "2023-09-04T05:54:50.967Z", "user": 1, "content_type": 15, "object_id": "8", "object_repr": " (joshuacarlton9@gmail.com)", "action_flag": 3, "change_message": ""}}, {"model": "admin.logentry", "pk": 179, "fields": {"action_time": "2023-09-04T05:56:24.190Z", "user": 1, "content_type": 15, "object_id": "10", "object_repr": " ()", "action_flag": 3, "change_message": ""}}, {"model": "admin.logentry", "pk": 180, "fields": {"action_time": "2023-09-04T05:57:07.915Z", "user": 1, "content_type": 15, "object_id": "11", "object_repr": " (joshuacarlton9@gmail.com)", "action_flag": 3, "change_message": ""}}, {"model": "admin.logentry", "pk": 181, "fields": {"action_time": "2023-09-04T06:46:58.604Z", "user": 1, "content_type": 15, "object_id": "13", "object_repr": " ()", "action_flag": 3, "change_message": ""}}, {"model": "admin.logentry", "pk": 182, "fields": {"action_time": "2023-09-04T06:46:58.608Z", "user": 1, "content_type": 15, "object_id": "12", "object_repr": " ()", "action_flag": 3, "change_message": ""}}, {"model": "admin.logentry", "pk": 183, "fields": {"action_time": "2023-09-04T06:46:58.612Z", "user": 1, "content_type": 15, "object_id": "9", "object_repr": " (abhijithj9847@gmail.com)", "action_flag": 3, "change_message": ""}}, {"model": "admin.logentry", "pk": 184, "fields": {"action_time": "2023-09-04T07:07:16.166Z", "user": 1, "content_type": 16, "object_id": "1", "object_repr": "Like by abi on Comment by KalyanSilks on Post by john_doe8 at 2023-08-17 04:59:36.135558+00:00: Join us", "action_flag": 1, "change_message": "[{\"added\": {}}]"}}, {"model": "admin.logentry", "pk": 185, "fields": {"action_time": "2023-09-04T07:09:14.323Z", "user": 1, "content_type": 10, "object_id": "140", "object_repr": "Like by abi_ on Post by john_doe8 at 2023-09-01 07:14:37.404096+00:00", "action_flag": 3, "change_message": ""}}, {"model": "admin.logentry", "pk": 186, "fields": {"action_time": "2023-09-04T08:39:42.722Z", "user": 1, "content_type": 15, "object_id": "14", "object_repr": " ()", "action_flag": 3, "change_message": ""}}, {"model": "admin.logentry", "pk": 187, "fields": {"action_time": "2023-09-04T08:43:15.844Z", "user": 1, "content_type": 15, "object_id": "15", "object_repr": " ()", "action_flag": 3, "change_message": ""}}, {"model": "admin.logentry", "pk": 188, "fields": {"action_time": "2023-09-04T09:15:42.835Z", "user": 1, "content_type": 11, "object_id": "49", "object_repr": "Comment by abi_ on Post by abi_ at 2023-09-01 11:06:51.131072+00:00: woww", "action_flag": 2, "change_message": "[{\"changed\": {\"fields\": [\"Parent comment\"]}}]"}}, {"model": "admin.logentry", "pk": 189, "fields": {"action_time": "2023-09-05T04:00:23.299Z", "user": 1, "content_type": 19, "object_id": "1", "object_repr": "Chat object (1)", "action_flag": 1, "change_message": "[{\"added\": {}}]"}}, {"model": "admin.logentry", "pk": 190, "fields": {"action_time": "2023-09-05T04:02:32.346Z", "user": 1, "content_type": 19, "object_id": "1", "object_repr": "Chat object (1)", "action_flag": 2, "change_message": "[{\"changed\": {\"fields\": [\"Participants\"]}}]"}}, {"model": "admin.logentry", "pk": 191, "fields": {"action_time": "2023-09-05T04:37:10.439Z", "user": 1, "content_type": 19, "object_id": "5", "object_repr": "Chat object (5)", "action_flag": 3, "change_message": ""}}, {"model": "admin.logentry", "pk": 192, "fields": {"action_time": "2023-09-05T04:37:10.443Z", "user": 1, "content_type": 19, "object_id": "4", "object_repr": "Chat object (4)", "action_flag": 3, "change_message": ""}}, {"model": "admin.logentry", "pk": 193, "fields": {"action_time": "2023-09-05T04:37:10.447Z", "user": 1, "content_type": 19, "object_id": "3", "object_repr": "Chat object (3)", "action_flag": 3, "change_message": ""}}, {"model": "admin.logentry", "pk": 194, "fields": {"action_time": "2023-09-05T04:37:10.451Z", "user": 1, "content_type": 19, "object_id": "2", "object_repr": "Chat object (2)", "action_flag": 3, "change_message": ""}}, {"model": "admin.logentry", "pk": 195, "fields": {"action_time": "2023-09-05T04:38:31.102Z", "user": 1, "content_type": 19, "object_id": "1", "object_repr": "Chat object (1)", "action_flag": 3, "change_message": ""}}, {"model": "admin.logentry", "pk": 196, "fields": {"action_time": "2023-09-05T04:43:50.177Z", "user": 1, "content_type": 19, "object_id": "6", "object_repr": "Chat object (6)", "action_flag": 3, "change_message": ""}}, {"model": "admin.logentry", "pk": 197, "fields": {"action_time": "2023-09-05T04:49:44.649Z", "user": 1, "content_type": 19, "object_id": "10", "object_repr": "Chat object (10)", "action_flag": 3, "change_message": ""}}, {"model": "admin.logentry", "pk": 198, "fields": {"action_time": "2023-09-05T04:49:44.654Z", "user": 1, "content_type": 19, "object_id": "9", "object_repr": "Chat object (9)", "action_flag": 3, "change_message": ""}}, {"model": "admin.logentry", "pk": 199, "fields": {"action_time": "2023-09-05T04:49:44.658Z", "user": 1, "content_type": 19, "object_id": "8", "object_repr": "Chat object (8)", "action_flag": 3, "change_message": ""}}, {"model": "admin.logentry", "pk": 200, "fields": {"action_time": "2023-09-05T04:49:44.663Z", "user": 1, "content_type": 19, "object_id": "7", "object_repr": "Chat object (7)", "action_flag": 3, "change_message": ""}}, {"model": "admin.logentry", "pk": 201, "fields": {"action_time": "2023-09-05T05:56:46.369Z", "user": 1, "content_type": 19, "object_id": "15", "object_repr": "Chat object (15)", "action_flag": 3, "change_message": ""}}, {"model": "admin.logentry", "pk": 202, "fields": {"action_time": "2023-09-05T05:56:46.373Z", "user": 1, "content_type": 19, "object_id": "14", "object_repr": "Chat object (14)", "action_flag": 3, "change_message": ""}}, {"model": "admin.logentry", "pk": 203, "fields": {"action_time": "2023-09-05T05:56:46.395Z", "user": 1, "content_type": 19, "object_id": "13", "object_repr": "Chat object (13)", "action_flag": 3, "change_message": ""}}, {"model": "admin.logentry", "pk": 204, "fields": {"action_time": "2023-09-05T05:56:46.398Z", "user": 1, "content_type": 19, "object_id": "12", "object_repr": "Chat object (12)", "action_flag": 3, "change_message": ""}}, {"model": "admin.logentry", "pk": 205, "fields": {"action_time": "2023-09-05T05:56:46.402Z", "user": 1, "content_type": 19, "object_id": "11", "object_repr": "Chat object (11)", "action_flag": 3, "change_message": ""}}, {"model": "admin.logentry", "pk": 206, "fields": {"action_time": "2023-09-08T04:58:29.300Z", "user": 1, "content_type": 9, "object_id": "62", "object_repr": "Post by Abi__ at 2023-09-06 11:28:11.272670+00:00", "action_flag": 3, "change_message": ""}}, {"model": "admin.logentry", "pk": 207, "fields": {"action_time": "2023-09-08T04:58:29.304Z", "user": 1, "content_type": 9, "object_id": "61", "object_repr": "Post by Abi__ at 2023-09-06 09:52:04.568672+00:00", "action_flag": 3, "change_message": ""}}, {"model": "admin.logentry", "pk": 208, "fields": {"action_time": "2023-09-08T04:58:29.308Z", "user": 1, "content_type": 9, "object_id": "60", "object_repr": "Post by Abi__ at 2023-09-06 06:41:34.902605+00:00", "action_flag": 3, "change_message": ""}}, {"model": "admin.logentry", "pk": 209, "fields": {"action_time": "2023-09-08T04:58:29.312Z", "user": 1, "content_type": 9, "object_id": "59", "object_repr": "Post by Abi__ at 2023-09-06 06:41:14.342619+00:00", "action_flag": 3, "change_message": ""}}, {"model": "admin.logentry", "pk": 210, "fields": {"action_time": "2023-09-11T02:35:37.048Z", "user": 1, "content_type": 9, "object_id": "71", "object_repr": "Post by KalyanSilks at 2023-09-11 02:35:37.046904+00:00", "action_flag": 1, "change_message": "[{\"added\": {}}]"}}, {"model": "admin.logentry", "pk": 211, "fields": {"action_time": "2023-09-12T03:30:03.350Z", "user": 1, "content_type": 6, "object_id": "40", "object_repr": "12345@gmail.com", "action_flag": 3, "change_message": ""}}, {"model": "admin.logentry", "pk": 212, "fields": {"action_time": "2023-09-12T03:30:03.355Z", "user": 1, "content_type": 6, "object_id": "39", "object_repr": "1234@gmail.com", "action_flag": 3, "change_message": ""}}, {"model": "admin.logentry", "pk": 213, "fields": {"action_time": "2023-09-12T03:30:03.359Z", "user": 1, "content_type": 6, "object_id": "38", "object_repr": "123@gmail.com", "action_flag": 3, "change_message": ""}}, {"model": "admin.logentry", "pk": 214, "fields": {"action_time": "2023-09-12T03:44:28.460Z", "user": 1, "content_type": 9, "object_id": "82", "object_repr": "Post by john_doe8 at 2023-09-12 03:44:03.166732+00:00", "action_flag": 3, "change_message": ""}}, {"model": "admin.logentry", "pk": 215, "fields": {"action_time": "2023-09-12T04:41:02.088Z", "user": 1, "content_type": 12, "object_id": "5", "object_repr": "Cricket", "action_flag": 1, "change_message": "[{\"added\": {}}]"}}, {"model": "admin.logentry", "pk": 216, "fields": {"action_time": "2023-09-12T04:41:17.088Z", "user": 1, "content_type": 12, "object_id": "6", "object_repr": "VolleyBall", "action_flag": 1, "change_message": "[{\"added\": {}}]"}}, {"model": "admin.logentry", "pk": 217, "fields": {"action_time": "2023-09-12T04:41:27.565Z", "user": 1, "content_type": 12, "object_id": "7", "object_repr": "Football", "action_flag": 1, "change_message": "[{\"added\": {}}]"}}, {"model": "admin.logentry", "pk": 218, "fields": {"action_time": "2023-09-12T05:35:18.715Z", "user": 1, "content_type": 12, "object_id": "4", "object_repr": "collection 1", "action_flag": 2, "change_message": "[{\"changed\": {\"fields\": [\"User\"]}}]"}}, {"model": "admin.logentry", "pk": 219, "fields": {"action_time": "2023-09-12T08:46:59.343Z", "user": 1, "content_type": 12, "object_id": "2", "object_repr": "collection 1", "action_flag": 2, "change_message": "[{\"changed\": {\"fields\": [\"User\"]}}]"}}, {"model": "auth.permission", "pk": 1, "fields": {"name": "Can add log entry", "content_type": 1, "codename": "add_logentry"}}, {"model": "auth.permission", "pk": 2, "fields": {"name": "Can change log entry", "content_type": 1, "codename": "change_logentry"}}, {"model": "auth.permission", "pk": 3, "fields": {"name": "Can delete log entry", "content_type": 1, "codename": "delete_logentry"}}, {"model": "auth.permission", "pk": 4, "fields": {"name": "Can view log entry", "content_type": 1, "codename": "view_logentry"}}, {"model": "auth.permission", "pk": 5, "fields": {"name": "Can add permission", "content_type": 2, "codename": "add_permission"}}, {"model": "auth.permission", "pk": 6, "fields": {"name": "Can change permission", "content_type": 2, "codename": "change_permission"}}, {"model": "auth.permission", "pk": 7, "fields": {"name": "Can delete permission", "content_type": 2, "codename": "delete_permission"}}, {"model": "auth.permission", "pk": 8, "fields": {"name": "Can view permission", "content_type": 2, "codename": "view_permission"}}, {"model": "auth.permission", "pk": 9, "fields": {"name": "Can add group", "content_type": 3, "codename": "add_group"}}, {"model": "auth.permission", "pk": 10, "fields": {"name": "Can change group", "content_type": 3, "codename": "change_group"}}, {"model": "auth.permission", "pk": 11, "fields": {"name": "Can delete group", "content_type": 3, "codename": "delete_group"}}, {"model": "auth.permission", "pk": 12, "fields": {"name": "Can view group", "content_type": 3, "codename": "view_group"}}, {"model": "auth.permission", "pk": 13, "fields": {"name": "Can add content type", "content_type": 4, "codename": "add_contenttype"}}, {"model": "auth.permission", "pk": 14, "fields": {"name": "Can change content type", "content_type": 4, "codename": "change_contenttype"}}, {"model": "auth.permission", "pk": 15, "fields": {"name": "Can delete content type", "content_type": 4, "codename": "delete_contenttype"}}, {"model": "auth.permission", "pk": 16, "fields": {"name": "Can view content type", "content_type": 4, "codename": "view_contenttype"}}, {"model": "auth.permission", "pk": 17, "fields": {"name": "Can add session", "content_type": 5, "codename": "add_session"}}, {"model": "auth.permission", "pk": 18, "fields": {"name": "Can change session", "content_type": 5, "codename": "change_session"}}, {"model": "auth.permission", "pk": 19, "fields": {"name": "Can delete session", "content_type": 5, "codename": "delete_session"}}, {"model": "auth.permission", "pk": 20, "fields": {"name": "Can view session", "content_type": 5, "codename": "view_session"}}, {"model": "auth.permission", "pk": 21, "fields": {"name": "Can add user", "content_type": 6, "codename": "add_user"}}, {"model": "auth.permission", "pk": 22, "fields": {"name": "Can change user", "content_type": 6, "codename": "change_user"}}, {"model": "auth.permission", "pk": 23, "fields": {"name": "Can delete user", "content_type": 6, "codename": "delete_user"}}, {"model": "auth.permission", "pk": 24, "fields": {"name": "Can view user", "content_type": 6, "codename": "view_user"}}, {"model": "auth.permission", "pk": 25, "fields": {"name": "Can add user profile", "content_type": 7, "codename": "add_userprofile"}}, {"model": "auth.permission", "pk": 26, "fields": {"name": "Can change user profile", "content_type": 7, "codename": "change_userprofile"}}, {"model": "auth.permission", "pk": 27, "fields": {"name": "Can delete user profile", "content_type": 7, "codename": "delete_userprofile"}}, {"model": "auth.permission", "pk": 28, "fields": {"name": "Can view user profile", "content_type": 7, "codename": "view_userprofile"}}, {"model": "auth.permission", "pk": 29, "fields": {"name": "Can add media content", "content_type": 8, "codename": "add_mediacontent"}}, {"model": "auth.permission", "pk": 30, "fields": {"name": "Can change media content", "content_type": 8, "codename": "change_mediacontent"}}, {"model": "auth.permission", "pk": 31, "fields": {"name": "Can delete media content", "content_type": 8, "codename": "delete_mediacontent"}}, {"model": "auth.permission", "pk": 32, "fields": {"name": "Can view media content", "content_type": 8, "codename": "view_mediacontent"}}, {"model": "auth.permission", "pk": 33, "fields": {"name": "Can add post", "content_type": 9, "codename": "add_post"}}, {"model": "auth.permission", "pk": 34, "fields": {"name": "Can change post", "content_type": 9, "codename": "change_post"}}, {"model": "auth.permission", "pk": 35, "fields": {"name": "Can delete post", "content_type": 9, "codename": "delete_post"}}, {"model": "auth.permission", "pk": 36, "fields": {"name": "Can view post", "content_type": 9, "codename": "view_post"}}, {"model": "auth.permission", "pk": 37, "fields": {"name": "Can add like", "content_type": 10, "codename": "add_like"}}, {"model": "auth.permission", "pk": 38, "fields": {"name": "Can change like", "content_type": 10, "codename": "change_like"}}, {"model": "auth.permission", "pk": 39, "fields": {"name": "Can delete like", "content_type": 10, "codename": "delete_like"}}, {"model": "auth.permission", "pk": 40, "fields": {"name": "Can view like", "content_type": 10, "codename": "view_like"}}, {"model": "auth.permission", "pk": 41, "fields": {"name": "Can add comment", "content_type": 11, "codename": "add_comment"}}, {"model": "auth.permission", "pk": 42, "fields": {"name": "Can change comment", "content_type": 11, "codename": "change_comment"}}, {"model": "auth.permission", "pk": 43, "fields": {"name": "Can delete comment", "content_type": 11, "codename": "delete_comment"}}, {"model": "auth.permission", "pk": 44, "fields": {"name": "Can view comment", "content_type": 11, "codename": "view_comment"}}, {"model": "auth.permission", "pk": 45, "fields": {"name": "Can add collection", "content_type": 12, "codename": "add_collection"}}, {"model": "auth.permission", "pk": 46, "fields": {"name": "Can change collection", "content_type": 12, "codename": "change_collection"}}, {"model": "auth.permission", "pk": 47, "fields": {"name": "Can delete collection", "content_type": 12, "codename": "delete_collection"}}, {"model": "auth.permission", "pk": 48, "fields": {"name": "Can view collection", "content_type": 12, "codename": "view_collection"}}, {"model": "auth.permission", "pk": 49, "fields": {"name": "Can add collection item", "content_type": 13, "codename": "add_collectionitem"}}, {"model": "auth.permission", "pk": 50, "fields": {"name": "Can change collection item", "content_type": 13, "codename": "change_collectionitem"}}, {"model": "auth.permission", "pk": 51, "fields": {"name": "Can delete collection item", "content_type": 13, "codename": "delete_collectionitem"}}, {"model": "auth.permission", "pk": 52, "fields": {"name": "Can view collection item", "content_type": 13, "codename": "view_collectionitem"}}, {"model": "auth.permission", "pk": 53, "fields": {"name": "Can add follow", "content_type": 14, "codename": "add_follow"}}, {"model": "auth.permission", "pk": 54, "fields": {"name": "Can change follow", "content_type": 14, "codename": "change_follow"}}, {"model": "auth.permission", "pk": 55, "fields": {"name": "Can delete follow", "content_type": 14, "codename": "delete_follow"}}, {"model": "auth.permission", "pk": 56, "fields": {"name": "Can view follow", "content_type": 14, "codename": "view_follow"}}, {"model": "auth.permission", "pk": 57, "fields": {"name": "Can add email device", "content_type": 15, "codename": "add_emaildevice"}}, {"model": "auth.permission", "pk": 58, "fields": {"name": "Can change email device", "content_type": 15, "codename": "change_emaildevice"}}, {"model": "auth.permission", "pk": 59, "fields": {"name": "Can delete email device", "content_type": 15, "codename": "delete_emaildevice"}}, {"model": "auth.permission", "pk": 60, "fields": {"name": "Can view email device", "content_type": 15, "codename": "view_emaildevice"}}, {"model": "auth.permission", "pk": 61, "fields": {"name": "Can add comment like", "content_type": 16, "codename": "add_commentlike"}}, {"model": "auth.permission", "pk": 62, "fields": {"name": "Can change comment like", "content_type": 16, "codename": "change_commentlike"}}, {"model": "auth.permission", "pk": 63, "fields": {"name": "Can delete comment like", "content_type": 16, "codename": "delete_commentlike"}}, {"model": "auth.permission", "pk": 64, "fields": {"name": "Can view comment like", "content_type": 16, "codename": "view_commentlike"}}, {"model": "auth.permission", "pk": 65, "fields": {"name": "Can add forgot password email device", "content_type": 17, "codename": "add_forgotpasswordemaildevice"}}, {"model": "auth.permission", "pk": 66, "fields": {"name": "Can change forgot password email device", "content_type": 17, "codename": "change_forgotpasswordemaildevice"}}, {"model": "auth.permission", "pk": 67, "fields": {"name": "Can delete forgot password email device", "content_type": 17, "codename": "delete_forgotpasswordemaildevice"}}, {"model": "auth.permission", "pk": 68, "fields": {"name": "Can view forgot password email device", "content_type": 17, "codename": "view_forgotpasswordemaildevice"}}, {"model": "auth.permission", "pk": 69, "fields": {"name": "Can add chat message", "content_type": 18, "codename": "add_chatmessage"}}, {"model": "auth.permission", "pk": 70, "fields": {"name": "Can change chat message", "content_type": 18, "codename": "change_chatmessage"}}, {"model": "auth.permission", "pk": 71, "fields": {"name": "Can delete chat message", "content_type": 18, "codename": "delete_chatmessage"}}, {"model": "auth.permission", "pk": 72, "fields": {"name": "Can view chat message", "content_type": 18, "codename": "view_chatmessage"}}, {"model": "auth.permission", "pk": 73, "fields": {"name": "Can add chat", "content_type": 19, "codename": "add_chat"}}, {"model": "auth.permission", "pk": 74, "fields": {"name": "Can change chat", "content_type": 19, "codename": "change_chat"}}, {"model": "auth.permission", "pk": 75, "fields": {"name": "Can delete chat", "content_type": 19, "codename": "delete_chat"}}, {"model": "auth.permission", "pk": 76, "fields": {"name": "Can view chat", "content_type": 19, "codename": "view_chat"}}, {"model": "auth.permission", "pk": 77, "fields": {"name": "Can add blacklisted token", "content_type": 20, "codename": "add_blacklistedtoken"}}, {"model": "auth.permission", "pk": 78, "fields": {"name": "Can change blacklisted token", "content_type": 20, "codename": "change_blacklistedtoken"}}, {"model": "auth.permission", "pk": 79, "fields": {"name": "Can delete blacklisted token", "content_type": 20, "codename": "delete_blacklistedtoken"}}, {"model": "auth.permission", "pk": 80, "fields": {"name": "Can view blacklisted token", "content_type": 20, "codename": "view_blacklistedtoken"}}, {"model": "auth.permission", "pk": 81, "fields": {"name": "Can add outstanding token", "content_type": 21, "codename": "add_outstandingtoken"}}, {"model": "auth.permission", "pk": 82, "fields": {"name": "Can change outstanding token", "content_type": 21, "codename": "change_outstandingtoken"}}, {"model": "auth.permission", "pk": 83, "fields": {"name": "Can delete outstanding token", "content_type": 21, "codename": "delete_outstandingtoken"}}, {"model": "auth.permission", "pk": 84, "fields": {"name": "Can view outstanding token", "content_type": 21, "codename": "view_outstandingtoken"}}, {"model": "contenttypes.contenttype", "pk": 1, "fields": {"app_label": "admin", "model": "logentry"}}, {"model": "contenttypes.contenttype", "pk": 2, "fields": {"app_label": "auth", "model": "permission"}}, {"model": "contenttypes.contenttype", "pk": 3, "fields": {"app_label": "auth", "model": "group"}}, {"model": "contenttypes.contenttype", "pk": 4, "fields": {"app_label": "contenttypes", "model": "contenttype"}}, {"model": "contenttypes.contenttype", "pk": 5, "fields": {"app_label": "sessions", "model": "session"}}, {"model": "contenttypes.contenttype", "pk": 6, "fields": {"app_label": "instagram_api", "model": "user"}}, {"model": "contenttypes.contenttype", "pk": 7, "fields": {"app_label": "instagram_api", "model": "userprofile"}}, {"model": "contenttypes.contenttype", "pk": 8, "fields": {"app_label": "posts", "model": "mediacontent"}}, {"model": "contenttypes.contenttype", "pk": 9, "fields": {"app_label": "posts", "model": "post"}}, {"model": "contenttypes.contenttype", "pk": 10, "fields": {"app_label": "posts", "model": "like"}}, {"model": "contenttypes.contenttype", "pk": 11, "fields": {"app_label": "posts", "model": "comment"}}, {"model": "contenttypes.contenttype", "pk": 12, "fields": {"app_label": "collection", "model": "collection"}}, {"model": "contenttypes.contenttype", "pk": 13, "fields": {"app_label": "collection", "model": "collectionitem"}}, {"model": "contenttypes.contenttype", "pk": 14, "fields": {"app_label": "follow", "model": "follow"}}, {"model": "contenttypes.contenttype", "pk": 15, "fields": {"app_label": "otp_email", "model": "emaildevice"}}, {"model": "contenttypes.contenttype", "pk": 16, "fields": {"app_label": "posts", "model": "commentlike"}}, {"model": "contenttypes.contenttype", "pk": 17, "fields": {"app_label": "instagram_api", "model": "forgotpasswordemaildevice"}}, {"model": "contenttypes.contenttype", "pk": 18, "fields": {"app_label": "chat", "model": "chatmessage"}}, {"model": "contenttypes.contenttype", "pk": 19, "fields": {"app_label": "chat", "model": "chat"}}, {"model": "contenttypes.contenttype", "pk": 20, "fields": {"app_label": "token_blacklist", "model": "blacklistedtoken"}}, {"model": "contenttypes.contenttype", "pk": 21, "fields": {"app_label": "token_blacklist", "model": "outstandingtoken"}}, {"model": "sessions.session", "pk": "03s0ykvjbjub3g0h9afbk3j908dhlbh5", "fields": {"session_data": ".eJxVjLEOwiAURf-F2TSlQBE3TdxdnMnj9SFEoabQyfjvYtJB13PvOS9mYa3BroUWGyd2YJztfpkDvFP-DjGXCrcFkoVn7DZeunOC-LiEOdO1_TMkOjaZco0INc75tAX-qgFKaEmBJIiMkrp3fpS-55qDdGS4JCAzUiOIg5aovVZq5E7s0RnlBzFpLwb2_gDkBUDp:1qZNYo:6s_uP-zyr80agNfMrIyEfhGXWjIXLfJapHcQWBhMUMI", "expire_date": "2023-09-08T03:32:34.678Z"}}, {"model": "sessions.session", "pk": "2l2sv4lv04ovkaev8vppmecoykw42qfp", "fields": {"session_data": ".eJxVjLEOwiAURf-F2TSlQBE3TdxdnMnj9SFEoabQyfjvYtJB13PvOS9mYa3BroUWGyd2YJztfpkDvFP-DjGXCrcFkoVn7DZeunOC-LiEOdO1_TMkOjaZco0INc75tAX-qgFKaEmBJIiMkrp3fpS-55qDdGS4JCAzUiOIg5aovVZq5E7s0RnlBzFpLwb2_gDkBUDp:1qUHoP:OJgMQHpHW3oj97QMo6zvixa8etHfUqqkGd9mJhuj0zA", "expire_date": "2023-08-25T02:23:37.073Z"}}, {"model": "sessions.session", "pk": "ke1sqzji5m6ew97cgbcqm7tj9kdk0uqh", "fields": {"session_data": ".eJxVjDsOwjAQBe_iGlnxdzElPWewvOs1DiBHipMKcXcSKQW0M_PeW8S0LjWunec4ZnERSpx-GSZ6cttFfqR2nyRNbZlHlHsiD9vlbcr8uh7t30FNvW5rQ2yYg7MwYPG2DApUsshBWU4cPG-ESIMlKOCcV2jOhMEVbTIUo8XnC-9tOAs:1qSxcV:Yg02XZ-8wkIKzB6mef9W7eOhTVaA2biV2lXu8QM2b8Y", "expire_date": "2023-08-21T10:37:51.300Z"}}, {"model": "sessions.session", "pk": "odsapyy3qeskf29qyvr6v6lqn67okicx", "fields": {"session_data": ".eJxVjLEOwiAURf-F2TSlQBE3TdxdnMnj9SFEoabQyfjvYtJB13PvOS9mYa3BroUWGyd2YJztfpkDvFP-DjGXCrcFkoVn7DZeunOC-LiEOdO1_TMkOjaZco0INc75tAX-qgFKaEmBJIiMkrp3fpS-55qDdGS4JCAzUiOIg5aovVZq5E7s0RnlBzFpLwb2_gDkBUDp:1qeTZO:yP5ASw38evrmLvdwqyWXmAPT6glRHh-IsPwWkMXrTKU", "expire_date": "2023-09-22T04:58:14.672Z"}}, {"model": "otp_email.emaildevice", "pk": 16, "fields": {"user": 25, "name": "", "confirmed": true, "token": "426950", "valid_until": "2023-09-04T08:55:22.393Z", "throttling_failure_timestamp": null, "throttling_failure_count": 0, "email": "abhijithj9847@gmail.com"}}, {"model": "otp_email.emaildevice", "pk": 17, "fields": {"user": 24, "name": "", "confirmed": true, "token": "8351", "valid_until": "2023-09-04T10:06:15.792Z", "throttling_failure_timestamp": null, "throttling_failure_count": 0, "email": "harlodfinch001@gmail.com"}}, {"model": "otp_email.emaildevice", "pk": 18, "fields": {"user": 24, "name": "", "confirmed": true, "token": "6911", "valid_until": "2023-09-05T05:00:57.722Z", "throttling_failure_timestamp": "2023-09-05T04:56:03.891Z", "throttling_failure_count": 3, "email": "harlodfinch001@gmail.com"}}, {"model": "otp_email.emaildevice", "pk": 19, "fields": {"user": 25, "name": "", "confirmed": true, "token": "8951", "valid_until": "2023-09-11T10:40:22.908Z", "throttling_failure_timestamp": null, "throttling_failure_count": 0, "email": "abhijithj9847@gmail.com"}}, {"model": "otp_email.emaildevice", "pk": 20, "fields": {"user": 24, "name": "", "confirmed": true, "token": null, "valid_until": "2023-09-05T04:57:24.835Z", "throttling_failure_timestamp": null, "throttling_failure_count": 0, "email": "naveen.b@qburst.com"}}, {"model": "instagram_api.user", "pk": 1, "fields": {"password": "pbkdf2_sha256$600000$qYi0RNNQ4VAC8kroPANo9V$uOh3V1rBj2x9eRnq9x3p9Q5v5EYiceOciqZxfWuyFvM=", "last_login": "2023-09-08T04:58:14.665Z", "is_superuser": true, "email": "root@root.com", "mobile_number": "", "created_at": "2023-08-07T10:36:53.092Z", "updated_at": "2023-08-07T10:36:53.092Z", "is_staff": true, "is_active": true, "groups": [], "user_permissions": []}}, {"model": "instagram_api.user", "pk": 2, "fields": {"password": "pbkdf2_sha256$600000$oKSQ9TO8KUf1WrwgSBr0t4$qcTDVL9jpqAiGflAYbWmDUNyuRYM/HS3rI81j6Jr4T4=", "last_login": null, "is_superuser": false, "email": "john5@example.com", "mobile_number": "991", "created_at": "2023-08-07T11:40:29.075Z", "updated_at": "2023-09-11T04:33:07.484Z", "is_staff": false, "is_active": true, "groups": [], "user_permissions": []}}, {"model": "instagram_api.user", "pk": 3, "fields": {"password": "pbkdf2_sha256$600000$1fcGAdvKSnw97efK5wswfs$HokQr1IF6vCt1r6iF1P9EpgINvtjywHcF2V81MP+bW0=", "last_login": null, "is_superuser": false, "email": "advaith007cube@gmail.com", "mobile_number": "", "created_at": "2023-08-08T06:53:48.731Z", "updated_at": "2023-08-08T06:53:48.731Z", "is_staff": false, "is_active": true, "groups": [], "user_permissions": []}}, {"model": "instagram_api.user", "pk": 4, "fields": {"password": "pbkdf2_sha256$600000$5MsUO4btRmhfWt0Q4XOre8$Mpy5lIUiQKbAdfdK6h6hJI6jneV1oGdma5YchqhuOSM=", "last_login": null, "is_superuser": false, "email": "abi@gmail.com", "mobile_number": "", "created_at": "2023-08-09T06:55:44.656Z", "updated_at": "2023-08-09T06:55:44.656Z", "is_staff": false, "is_active": true, "groups": [], "user_permissions": []}}, {"model": "instagram_api.user", "pk": 9, "fields": {"password": "pbkdf2_sha256$600000$zOZxEBqK7UQ6hvlWB5quSJ$w/Ji8AVXpxFuIPVXRMYXUM9+WB7ub3zeFhCyS3z00FE=", "last_login": null, "is_superuser": false, "email": "test@test.com", "mobile_number": "9995554441", "created_at": "2023-08-11T02:30:05.222Z", "updated_at": "2023-08-11T02:30:19.517Z", "is_staff": false, "is_active": true, "groups": [], "user_permissions": []}}, {"model": "instagram_api.user", "pk": 21, "fields": {"password": "pbkdf2_sha256$600000$pKVsfX1sIvZWNKsKuLi0Fx$8WdRPhsAhstikxEmduG9JZKpCRLHd0Y+nuWIcFsysyA=", "last_login": null, "is_superuser": false, "email": "john61111112@example.com", "mobile_number": null, "created_at": "2023-08-11T04:06:07.013Z", "updated_at": "2023-08-11T04:06:07.013Z", "is_staff": false, "is_active": true, "groups": [], "user_permissions": []}}, {"model": "instagram_api.user", "pk": 22, "fields": {"password": "pbkdf2_sha256$600000$5tdAubzDSzP66C6Qs4NUcE$pPO5eLChc7L8592ss5TEbE2KbrD1AcYTlcUlYB2xRZA=", "last_login": null, "is_superuser": false, "email": "john612@example.com", "mobile_number": null, "created_at": "2023-08-11T04:06:27.268Z", "updated_at": "2023-08-11T04:06:27.268Z", "is_staff": false, "is_active": true, "groups": [], "user_permissions": []}}, {"model": "instagram_api.user", "pk": 23, "fields": {"password": "pbkdf2_sha256$600000$Q3oqGyBjLYo2DarBxFQ5jy$1+D5+esWhAdtcEQhozeAz2Rj45KXyphHne70DefKKYY=", "last_login": null, "is_superuser": false, "email": "john6112@example.com", "mobile_number": null, "created_at": "2023-08-11T04:07:52.522Z", "updated_at": "2023-08-11T04:07:52.522Z", "is_staff": false, "is_active": true, "groups": [], "user_permissions": []}}, {"model": "instagram_api.user", "pk": 24, "fields": {"password": "pbkdf2_sha256$600000$uiXyM1cUsyD4SetztxHXUd$muym29S8vDtUALQm++NuLJi23QfvACLACBjpudlqkHI=", "last_login": null, "is_superuser": false, "email": "", "mobile_number": "9847877387", "created_at": "2023-08-11T04:30:12.311Z", "updated_at": "2023-08-11T04:30:12.311Z", "is_staff": false, "is_active": true, "groups": [], "user_permissions": []}}, {"model": "instagram_api.user", "pk": 25, "fields": {"password": "pbkdf2_sha256$600000$wEOTVYOLuOom255OkDFWyI$YbpHU2ZavWtFqqX+Ew7/qnabJC2Axc/PDmbM9T3ssM8=", "last_login": null, "is_superuser": false, "email": "abhijithj9847@gmail.com", "mobile_number": "9995554321", "created_at": "2023-08-11T11:05:33.576Z", "updated_at": "2023-09-08T11:04:56.671Z", "is_staff": false, "is_active": true, "groups": [], "user_permissions": []}}, {"model": "instagram_api.user", "pk": 26, "fields": {"password": "pbkdf2_sha256$600000$JWuMOWH78RNcIp7LsYYPIW$+BlebFIL62Ylg022UK4j+wLr31P4mQo8QHlM2kN99i4=", "last_login": null, "is_superuser": false, "email": "john611@example.com", "mobile_number": null, "created_at": "2023-08-17T03:40:50.730Z", "updated_at": "2023-08-17T03:40:50.730Z", "is_staff": false, "is_active": true, "groups": [], "user_permissions": []}}, {"model": "instagram_api.user", "pk": 28, "fields": {"password": "pbkdf2_sha256$600000$tbQlUOQ3t4acuc83uj6kja$m45xyimaAmVQ5CM0tJ1mqtdj3J/aIco1JIigBH1OGVY=", "last_login": null, "is_superuser": false, "email": "john111@example.com", "mobile_number": null, "created_at": "2023-08-31T02:40:06.994Z", "updated_at": "2023-08-31T02:40:06.994Z", "is_staff": false, "is_active": true, "groups": [], "user_permissions": []}}, {"model": "instagram_api.user", "pk": 29, "fields": {"password": "pbkdf2_sha256$600000$OkgZwd4GAsJYgT9LwKafx8$frMwPyIRAOVftfYEE1hAat52lx9x4paQ+5P6LNEUXFw=", "last_login": null, "is_superuser": false, "email": "joshuacarlton9@gmail.com", "mobile_number": null, "created_at": "2023-09-04T04:14:17.167Z", "updated_at": "2023-09-04T04:14:17.167Z", "is_staff": false, "is_active": true, "groups": [], "user_permissions": []}}, {"model": "instagram_api.user", "pk": 30, "fields": {"password": "pbkdf2_sha256$600000$ECvmvIfXKKkQsBDictbGKX$+pk45UPS266ZHiA9RUKZmYSbEfv4MerQfP289EcwzDA=", "last_login": null, "is_superuser": false, "email": "messi10@gmail.com", "mobile_number": null, "created_at": "2023-09-08T06:15:16.628Z", "updated_at": "2023-09-11T06:28:08.632Z", "is_staff": false, "is_active": true, "groups": [], "user_permissions": []}}, {"model": "instagram_api.user", "pk": 34, "fields": {"password": "pbkdf2_sha256$600000$4Rum1i51FVwY93wRJM36WI$CdxtcIhD9X4DZfv+wHH0lcpKDAXS3gQqlXFFUzKF4pY=", "last_login": null, "is_superuser": false, "email": "neymarjr@gmail.com", "mobile_number": null, "created_at": "2023-09-11T03:44:21.961Z", "updated_at": "2023-09-11T04:38:59.874Z", "is_staff": false, "is_active": true, "groups": [], "user_permissions": []}}, {"model": "instagram_api.user", "pk": 35, "fields": {"password": "pbkdf2_sha256$600000$F4FNC65eCMCJj1CPjTr1MQ$y0DaA3F/X0HqxPWpPBbvbRrsghH05JYxuwzbGrJ/z2I=", "last_login": null, "is_superuser": false, "email": "myg@gmail.com", "mobile_number": null, "created_at": "2023-09-11T04:56:40.791Z", "updated_at": "2023-09-11T06:24:15.312Z", "is_staff": false, "is_active": true, "groups": [], "user_permissions": []}}, {"model": "instagram_api.user", "pk": 36, "fields": {"password": "pbkdf2_sha256$600000$EEKrSJyMhMmuwztGS4NR9N$ybuQzFTbQqbviTDHv51Xr4REvvOv2mVx7yssgrwxHBQ=", "last_login": null, "is_superuser": false, "email": "magu@gmail.com", "mobile_number": null, "created_at": "2023-09-11T06:25:43.704Z", "updated_at": "2023-09-11T06:27:48.022Z", "is_staff": false, "is_active": true, "groups": [], "user_permissions": []}}, {"model": "instagram_api.user", "pk": 37, "fields": {"password": "pbkdf2_sha256$600000$VxdY5NLGrtmsWCseu556HJ$rmdsri9iI+HxE43jhH4cYRUYzd0rI53XmCwlTJ3rTyg=", "last_login": null, "is_superuser": false, "email": "john111@example2.com", "mobile_number": null, "created_at": "2023-09-11T09:40:00.895Z", "updated_at": "2023-09-11T09:40:00.895Z", "is_staff": false, "is_active": true, "groups": [], "user_permissions": []}}, {"model": "instagram_api.user", "pk": 41, "fields": {"password": "pbkdf2_sha256$600000$MB3pnFANLgoi21ZWofnSNO$qnRBftNrwdXGodP1mcGeCP9kBmJZe6cUJAiyfxAbOnc=", "last_login": null, "is_superuser": false, "email": "kj.nikhil03@gmail.com", "mobile_number": "", "created_at": "2023-09-12T06:13:11.928Z", "updated_at": "2023-09-12T06:13:11.928Z", "is_staff": false, "is_active": true, "groups": [], "user_permissions": []}}, {"model": "instagram_api.user", "pk": 42, "fields": {"password": "pbkdf2_sha256$600000$BgUqupjNTlckl9yy11LQqZ$jqQ1YiOMXVRNFj0+isuxqnNuyZb27TgrZQH2Mwzbwpc=", "last_login": null, "is_superuser": false, "email": "saisayuj@gmail.com", "mobile_number": "", "created_at": "2023-09-12T09:36:46.899Z", "updated_at": "2023-09-12T09:40:42.499Z", "is_staff": false, "is_active": true, "groups": [], "user_permissions": []}}, {"model": "instagram_api.userprofile", "pk": 1, "fields": {"user": 2, "username": "john_doe4", "full_name": "Abhijith", "bio": "Hello, I'm John!", "profile_picture": "users/profile_pictures/bruce_dp.jpeg", "banner_image": "users/banner_images/default.jpeg"}}, {"model": "instagram_api.userprofile", "pk": 2, "fields": {"user": 3, "username": "a", "full_name": "aa", "bio": "aaaa", "profile_picture": "", "banner_image": "users/banner_images/default_lh3bXcS.jpeg"}}, {"model": "instagram_api.userprofile", "pk": 3, "fields": {"user": 4, "username": "abi", "full_name": "abi", "bio": "React.JS Developer | Rider | Astrophile\r\nContact : abi@gmail.com", "profile_picture": "users/profile_pictures/Portfolio-Website-Template-Desktop-Hover-State.png", "banner_image": "users/banner_images/default_gV5Ji8J.jpeg"}}, {"model": "instagram_api.userprofile", "pk": 10, "fields": {"user": 9, "username": "john_doe8", "full_name": "John Doe", "bio": "Hello, I'm John!", "profile_picture": "users/profile_pictures/john_doe.jpeg", "banner_image": "users/banner_images/default_Tbkm60m.jpeg"}}, {"model": "instagram_api.userprofile", "pk": 17, "fields": {"user": 21, "username": "KalyanSilks", "full_name": "Kalyan Silks", "bio": "Kalyan Silks offers the best quality apparel with a wide variety of collections.", "profile_picture": "users/profile_pictures/kalyan.png", "banner_image": "users/banner_images/default_od1WrVX.jpeg"}}, {"model": "instagram_api.userprofile", "pk": 18, "fields": {"user": 22, "username": "harold_finch", "full_name": "Harold Finch", "bio": "", "profile_picture": "users/profile_pictures/harold_1.jpg", "banner_image": "users/banner_images/default_WexlVX9.jpeg"}}, {"model": "instagram_api.userprofile", "pk": 19, "fields": {"user": 23, "username": "RobertDowney", "full_name": "Robert Downey Jr", "bio": "I am Iron Man!", "profile_picture": "users/profile_pictures/tony_1.jpg", "banner_image": "users/banner_images/default_GEPWGlF.jpeg"}}, {"model": "instagram_api.userprofile", "pk": 20, "fields": {"user": 24, "username": "abi_", "full_name": "abi", "bio": "People call me Abi, but you can call me tonight \r\nSuccess is in my veins", "profile_picture": "users/profile_pictures/abi_2_dp.jpg", "banner_image": "users/banner_images/default_c2nFLFb.jpeg"}}, {"model": "instagram_api.userprofile", "pk": 21, "fields": {"user": 25, "username": "Abi__", "full_name": "Abhijith", "bio": "I love pizza and cars!", "profile_picture": "users/profile_pictures/images.jpeg", "banner_image": "users/banner_images/default_UYxjWwj.jpeg"}}, {"model": "instagram_api.userprofile", "pk": 22, "fields": {"user": 26, "username": "john_doe17", "full_name": "John Doe", "bio": "Hello, I'm John!", "profile_picture": "", "banner_image": "users/banner_images/default_YcOhya4.jpeg"}}, {"model": "instagram_api.userprofile", "pk": 23, "fields": {"user": 28, "username": "john_doe11", "full_name": "John Doe", "bio": "Hello, I'm John!", "profile_picture": "", "banner_image": "../images/users/banner_images/default.jpeg"}}, {"model": "instagram_api.userprofile", "pk": 24, "fields": {"user": 29, "username": "joshuacarlton", "full_name": "Joshua", "bio": "", "profile_picture": "", "banner_image": "../images/users/banner_images/default.jpeg"}}, {"model": "instagram_api.userprofile", "pk": 25, "fields": {"user": 30, "username": "leomessi", "full_name": "Lionel Messi", "bio": "G.O.A.T.", "profile_picture": "users/profile_pictures/download.jpg", "banner_image": "../images/users/banner_images/default.jpeg"}}, {"model": "instagram_api.userprofile", "pk": 29, "fields": {"user": 34, "username": "nj", "full_name": "NJ", "bio": "", "profile_picture": "users/profile_pictures/image_1.jpeg", "banner_image": "../images/users/banner_images/default.jpeg"}}, {"model": "instagram_api.userprofile", "pk": 30, "fields": {"user": 35, "username": "myG", "full_name": "myG", "bio": "", "profile_picture": "users/profile_pictures/mygonam.jpg", "banner_image": "../images/users/banner_images/default.jpeg"}}, {"model": "instagram_api.userprofile", "pk": 31, "fields": {"user": 36, "username": "magu", "full_name": "Harry Maguire", "bio": "Man United legend.....", "profile_picture": "users/profile_pictures/magu.jpg", "banner_image": "../images/users/banner_images/default.jpeg"}}, {"model": "instagram_api.userprofile", "pk": 32, "fields": {"user": 37, "username": "john_doe111", "full_name": "John Doe", "bio": "Hello, I'm John!", "profile_picture": "", "banner_image": "../images/users/banner_images/default.jpeg"}}, {"model": "instagram_api.userprofile", "pk": 36, "fields": {"user": 41, "username": "kj", "full_name": "kj", "bio": "", "profile_picture": "", "banner_image": "../images/users/banner_images/default.jpeg"}}, {"model": "instagram_api.userprofile", "pk": 37, "fields": {"user": 42, "username": "saisai", "full_name": "rono 07", "bio": "hasfvzhkfvhkjvzhvfcdzhkjvhdzkjfvkjfvdhkjfvzkvfkhjdzvdhkjzv hasfvzhkfvhkjvzhvfcdzhkjvhdzkjfvkjfvdhkjfvzkvfkhjdzvdhkjzv hasfvzhkfvhkjvzhvfcdzhkjvhdzkjfvkjfvdhkjfvzkvfkhjdzvdhkjzv hasfvzhkfvhkjvzhvfcdzhkjvhdzkjfvkjfvdhkjfvzkvfkhjdzvdhkjzv hasfvzhkfvhkjvzhvfcdzhkjvhdzkjfvkjfvdhkjfvzkvfkhjdzvdhkjzv hasfvzhkfvhkjvzhvfcdzhkjvhdzkjfvkjfvdhkjfvzkvfkhjdzvdhkjzv hasfvzhkfvhkjvzhvfcdzhkjvhdzkjfvkjfvdhkjfvzkvfkhjdzvdhkjzv hasfvzhkfvhkjvzhvfcdzhkjvhdzkjfvkjfvdhkjfvzkvfkhjdzvdhkjzv hasfvzhkfvhkjvzhvfcdzhkjvhdzkjfvkjfvdhkjfvzkvfkhjdzvdhkjzv hasfvzhkfvhkjvzhvfcdzhkjvhdzkjfvkjfvdhkjfvzkvfkhjdzvdhkjzv hasfvzhkfvhkjvzhvfcdzhkjvhdzkjfvkjfvdhkjfvzkvfkhjdzvdhkjzv hasfvzhkfvhkjvzhvfcdzhkjvhdzkjfvkjfvdhkjfvzkvfkhjdzvdhkjzv hasfvzhkfvhkjvzhvfcdzhkjvhdzkjfvkjfvdhkjfvzkvfkhjdzvdhkjzv hasfvzhkfvhkjvzhvfcdzhkjvhdzkjfvkjfvdhkjfvzkvfkhjdzvdhkjzv hasfvzhkfvhkjvzhvfcdzhkjvhdzkjfvkjfvdhkjfvzkvfkhjdzvdhkjzv hasfvzhkfvhkjvzhvfcdzhkjvhdzkjfvkjfvdhkjfvzkvfkhjdzvdhkjzv hasfvzhkfvhkjvzhvfcdzhkjvhdzkjfvkjfvdhkjfvzkvfkhjdzvdhkjzv hasfvzhkfvhkjvzhvfcdzhkjvhdzkjfvkjfvdhkjfvzkvfkhjdzvdhkjzv hasfvzhkfvhkjvzhvfcdzhkjvhdzkjfvkjfvdhkjfvzkvfkhjdzvdhkjzv hasfvzhkfvhkjvzhvfcdzhkjvhdzkjfvkjfvdhkjfvzkvfkhjdzvdhkjzv hasfvzhkfvhkjvzhvfcdzhkjvhdzkjfvkjfvdhkjfvzkvfkhjdzvdhkjzv hasfvzhkfvhkjvzhvfcdzhkjvhdzkjfvkjfvdhkjfvzkvfkhjdzvdhkjzv", "profile_picture": "users/profile_pictures/circle.png", "banner_image": "../images/users/banner_images/default.jpeg"}}, {"model": "instagram_api.forgotpasswordemaildevice", "pk": 18, "fields": {}}, {"model": "instagram_api.forgotpasswordemaildevice", "pk": 19, "fields": {}}, {"model": "instagram_api.forgotpasswordemaildevice", "pk": 20, "fields": {}}, {"model": "posts.post", "pk": 6, "fields": {"author": 1, "media_content": "head.jpg", "caption": "This is my caption", "content_type": "image", "location": "1", "created_at": "2023-08-10T06:44:45.153Z", "updated_at": "2023-08-17T08:29:05.665Z"}}, {"model": "posts.post", "pk": 7, "fields": {"author": 1, "media_content": "abi_2_dp.jpg", "caption": "Feeling the Onam Bliss!", "content_type": "image", "location": "1", "created_at": "2023-08-14T08:48:36.312Z", "updated_at": "2023-08-17T08:29:28.876Z"}}, {"model": "posts.post", "pk": 9, "fields": {"author": 1, "media_content": "young-beautiful-woman-pink-warm-sweater-natural-look-smiling-portrait-isolated-long-hair.jpg", "caption": "Good Hair Day!", "content_type": "image", "location": "1", "created_at": "2023-08-16T06:48:15.862Z", "updated_at": "2023-08-21T11:17:43.709Z"}}, {"model": "posts.post", "pk": 10, "fields": {"author": 1, "media_content": "neom-wbOKjgQv3nY-unsplash.jpg", "caption": "Live Young!", "content_type": "image", "location": "", "created_at": "2023-08-16T06:48:21.484Z", "updated_at": "2023-08-21T11:19:14.740Z"}}, {"model": "posts.post", "pk": 11, "fields": {"author": 1, "media_content": "barthelemy-de-mazenod-R2GAJC8DIBw-unsplash.jpg", "caption": "Out and about in the Street", "content_type": "image", "location": "", "created_at": "2023-08-16T06:48:35.245Z", "updated_at": "2023-08-21T11:23:52.702Z"}}, {"model": "posts.post", "pk": 16, "fields": {"author": 3, "media_content": "abc_ulb2Ioe.png", "caption": "Live Laugh Love!", "content_type": "image", "location": "", "created_at": "2023-08-16T10:04:59.809Z", "updated_at": "2023-08-17T08:31:55.649Z"}}, {"model": "posts.post", "pk": 18, "fields": {"author": 3, "media_content": "abhishek-tiwari-D6Aqvf6AH3g-unsplash.jpg", "caption": "Christopher Nolan inspired me to take this!", "content_type": "image", "location": "", "created_at": "2023-08-16T10:13:29.742Z", "updated_at": "2023-08-21T11:28:43.177Z"}}, {"model": "posts.post", "pk": 20, "fields": {"author": 10, "media_content": "post_img_1.jpeg", "caption": "What a beautiful life!", "content_type": "image", "location": "", "created_at": "2023-08-17T04:59:36.135Z", "updated_at": "2023-08-17T11:30:01.104Z"}}, {"model": "posts.post", "pk": 21, "fields": {"author": 3, "media_content": "veenit-panchal-4kYCGOyMsiQ-unsplash.jpg", "caption": "Is this the backrooms reddit keeps talking about?", "content_type": "image", "location": "", "created_at": "2023-08-17T08:10:23.261Z", "updated_at": "2023-08-21T11:26:19.582Z"}}, {"model": "posts.post", "pk": 22, "fields": {"author": 18, "media_content": "EZEdit-47-1.png", "caption": "Excited!!", "content_type": "image", "location": "", "created_at": "2023-08-17T10:24:00.419Z", "updated_at": "2023-08-17T11:29:13.338Z"}}, {"model": "posts.post", "pk": 23, "fields": {"author": 17, "media_content": "KAL.png", "caption": "Visit us.", "content_type": "image", "location": "", "created_at": "2023-08-17T10:27:33.752Z", "updated_at": "2023-08-17T11:28:47.938Z"}}, {"model": "posts.post", "pk": 24, "fields": {"author": 19, "media_content": "neom-B8892rcCI7g-unsplash.jpg", "caption": "Wanderlust!!!", "content_type": "image", "location": "", "created_at": "2023-08-17T10:30:08.293Z", "updated_at": "2023-08-17T11:28:35.437Z"}}, {"model": "posts.post", "pk": 37, "fields": {"author": 20, "media_content": "img1_3A0R6wH.jpg", "caption": "Nice car", "content_type": "image", "location": "", "created_at": "2023-08-25T11:13:22.567Z", "updated_at": "2023-08-25T11:13:22.567Z"}}, {"model": "posts.post", "pk": 38, "fields": {"author": 20, "media_content": "img1_gxrldwL.jpg", "caption": "thrrh", "content_type": "image", "location": "", "created_at": "2023-08-30T08:40:49.336Z", "updated_at": "2023-08-30T08:40:49.336Z"}}, {"model": "posts.post", "pk": 39, "fields": {"author": 20, "media_content": "img1_RIa5qcc.jpg", "caption": "regsf", "content_type": "image", "location": "", "created_at": "2023-08-30T10:53:53.539Z", "updated_at": "2023-08-31T06:03:36.087Z"}}, {"model": "posts.post", "pk": 41, "fields": {"author": 20, "media_content": "img1_lNzA0Lw.jpg", "caption": "sdgg", "content_type": "image", "location": "", "created_at": "2023-08-31T06:07:35.011Z", "updated_at": "2023-08-31T06:07:35.011Z"}}, {"model": "posts.post", "pk": 42, "fields": {"author": 20, "media_content": "video_B9MmtC0.mp4", "caption": "adipoli.", "content_type": "reel", "location": "", "created_at": "2023-08-31T06:29:02.914Z", "updated_at": "2023-08-31T06:29:02.914Z"}}, {"model": "posts.post", "pk": 43, "fields": {"author": 20, "media_content": "img1_MRW0OXl.jpg", "caption": "noce car", "content_type": "image", "location": "", "created_at": "2023-09-01T04:30:35.562Z", "updated_at": "2023-09-01T04:30:35.562Z"}}, {"model": "posts.post", "pk": 44, "fields": {"author": 10, "media_content": "neom-vrbQpGoN8fw-unsplash_2.jpg", "caption": "Sun and Sands.", "content_type": "image", "location": "", "created_at": "2023-09-01T06:09:50.445Z", "updated_at": "2023-09-01T06:09:50.445Z"}}, {"model": "posts.post", "pk": 47, "fields": {"author": 20, "media_content": "onam.mp4", "caption": "Happeye!", "content_type": "reel", "location": "", "created_at": "2023-09-01T06:12:15.228Z", "updated_at": "2023-09-01T06:29:47.950Z"}}, {"model": "posts.post", "pk": 48, "fields": {"author": 20, "media_content": "oreo.mp4", "caption": "Oreo Shake", "content_type": "reel", "location": "", "created_at": "2023-09-01T06:25:06.413Z", "updated_at": "2023-09-01T06:29:41.750Z"}}, {"model": "posts.post", "pk": 52, "fields": {"author": 20, "media_content": "sunset.mp4", "caption": "New Sunset on Valo!", "content_type": "reel", "location": "", "created_at": "2023-09-01T07:02:59.887Z", "updated_at": "2023-09-01T07:09:07.458Z"}}, {"model": "posts.post", "pk": 53, "fields": {"author": 10, "media_content": "___.mp4", "caption": "Areachnophobia", "content_type": "reel", "location": "", "created_at": "2023-09-01T07:14:37.404Z", "updated_at": "2023-09-01T07:14:37.404Z"}}, {"model": "posts.post", "pk": 55, "fields": {"author": 10, "media_content": "Snapinsta.app_video_10000000_2013742498970404_8311480248278639883_n.mp4", "caption": "Arappo!!", "content_type": "reel", "location": "", "created_at": "2023-09-01T08:51:56.758Z", "updated_at": "2023-09-01T08:51:56.759Z"}}, {"model": "posts.post", "pk": 57, "fields": {"author": 20, "media_content": "messi_rQLRerP.mp4", "caption": "mesii", "content_type": "reel", "location": "", "created_at": "2023-09-01T11:06:51.131Z", "updated_at": "2023-09-01T11:06:51.131Z"}}, {"model": "posts.post", "pk": 58, "fields": {"author": 20, "media_content": "Screenshot_from_2023-08-02_17-38-50.png", "caption": "#sql", "content_type": "image", "location": "", "created_at": "2023-09-06T05:04:17.885Z", "updated_at": "2023-09-06T05:04:17.885Z"}}, {"model": "posts.post", "pk": 63, "fields": {"author": 21, "media_content": "videoplayback.mp4", "caption": "messi vs ecuador", "content_type": "reel", "location": "", "created_at": "2023-09-08T06:12:40.547Z", "updated_at": "2023-09-08T06:12:40.547Z"}}, {"model": "posts.post", "pk": 69, "fields": {"author": 25, "media_content": "img1_ZP182tw.jpg", "caption": "wow", "content_type": "image", "location": "", "created_at": "2023-09-08T11:09:01.143Z", "updated_at": "2023-09-08T11:09:01.143Z"}}, {"model": "posts.post", "pk": 70, "fields": {"author": 25, "media_content": "img1_MRpUJbj.jpg", "caption": "aaa", "content_type": "image", "location": "", "created_at": "2023-09-08T11:12:19.621Z", "updated_at": "2023-09-08T11:12:19.621Z"}}, {"model": "posts.post", "pk": 71, "fields": {"author": 17, "media_content": "kalyan.png", "caption": "Kalyan Onnonnara Onam", "content_type": "story", "location": "Kalyan Silks", "created_at": "2023-09-11T02:35:37.046Z", "updated_at": "2023-09-11T02:35:37.046Z"}}, {"model": "posts.post", "pk": 72, "fields": {"author": 29, "media_content": "img1_6zGiT74.jpg", "caption": "easfsdf", "content_type": "image", "location": "", "created_at": "2023-09-11T03:51:15.200Z", "updated_at": "2023-09-11T03:51:15.200Z"}}, {"model": "posts.post", "pk": 73, "fields": {"author": 29, "media_content": "icon.png", "caption": "sdfgsdfsdf", "content_type": "image", "location": "", "created_at": "2023-09-11T04:05:58.664Z", "updated_at": "2023-09-11T04:05:58.664Z"}}, {"model": "posts.post", "pk": 74, "fields": {"author": 29, "media_content": "img1_XzVApCQ.jpg", "caption": "nice", "content_type": "image", "location": "", "created_at": "2023-09-11T04:51:16.297Z", "updated_at": "2023-09-11T04:51:16.297Z"}}, {"model": "posts.post", "pk": 75, "fields": {"author": 30, "media_content": "image_1.jpeg", "caption": "adipoli", "content_type": "story", "location": "", "created_at": "2023-09-11T04:58:31.437Z", "updated_at": "2023-09-11T04:58:31.437Z"}}, {"model": "posts.post", "pk": 76, "fields": {"author": 30, "media_content": "mygonam.jpg", "caption": "myG onam MASS ONAM!!!!", "content_type": "story", "location": "", "created_at": "2023-09-11T06:23:38.978Z", "updated_at": "2023-09-11T06:23:38.978Z"}}, {"model": "posts.post", "pk": 79, "fields": {"author": 25, "media_content": "images.jpeg", "caption": "nice.", "content_type": "story", "location": "", "created_at": "2023-09-11T09:03:11.444Z", "updated_at": "2023-09-11T09:03:11.444Z"}}, {"model": "posts.post", "pk": 80, "fields": {"author": 25, "media_content": "onam_9QQvDSK.mp4", "caption": "hapi onam", "content_type": "story", "location": "", "created_at": "2023-09-11T09:17:55.763Z", "updated_at": "2023-09-11T09:17:55.763Z"}}, {"model": "posts.post", "pk": 81, "fields": {"author": 10, "media_content": "apple.png", "caption": "#Wonderlust", "content_type": "story", "location": "", "created_at": "2023-09-12T03:35:25.714Z", "updated_at": "2023-09-12T03:35:25.714Z"}}, {"model": "posts.post", "pk": 83, "fields": {"author": 36, "media_content": "BATMAN.jpeg", "caption": "I'M BATMAN", "content_type": "image", "location": "", "created_at": "2023-09-12T06:44:38.342Z", "updated_at": "2023-09-12T06:44:38.342Z"}}, {"model": "posts.post", "pk": 84, "fields": {"author": 25, "media_content": "KAL_ptVCXIL.png", "caption": "Aadi saleeeee.....", "content_type": "story", "location": "", "created_at": "2023-09-13T06:19:42.313Z", "updated_at": "2023-09-13T06:19:42.313Z"}}, {"model": "posts.post", "pk": 85, "fields": {"author": 25, "media_content": "img1_RFg6lSD.jpg", "caption": "aaaaaaaaaaaaaaaaaaaaaaaaaaaaaaaaaaaaaaaaaaaaaaaaaaaaaaaaaaaaaaaaaaaaaaaaaaaaaaaaaaaaaaaaaaaaaaaaaaaaaaaaaaaaaaaaaaaaaaaaaaaaaaaaaaaaaaaaaaaaaaaaaaaaaaaaaaaaaaaaaaaaaaaaaaaaaaaaaaaaaaaaaaaaaaaaaaaaaaaaaaaaaaaaaaaaaaaaaaaaaaaaaaaaaaaaaaaaaaaaaaaaaaaaaaaaaaaaaaaaaaaaaaaaaaaaaaaaaaaaaaaaaaaaaaaaaaaaaaaaaaaaaaaaaaaaaaaaaaaaaaaaaaaaaaaaaaaaaaaaaaaaaaaaaaaaaaaaaaaaaaaaaaaaaaaaaaaaaaaaaaaaaaaaaaaaaaaaaaaaaaaaaaaaaaaaaaaaaaaaaaaaaaaaaaaaaaaaaaaaaaaaaaaaaaaaaaaaaaaaaaaaaaaaaaaaaaaaaaaaaaaaaaaaaaaaaaaaaaaaaaaaaaaaaaaaaaaaaaaaaaaaaaaaaaaaaaaaaaaaaaaaaaaaaaaaaaaaaaaaaaaaaaaaaaaaaaaaaaaaaaaaaaaaaaaaaaaaaaaaaaaaaaaaaaaaaaaaaaaaaaaaaaaaaaaaaaaaaaaaaaaaaaaaaaaaaaaaaaaaaaaaaaaaaaaaaaaaaaaaaaaaaaaaaaaaaaaaaaaaaaaaaaaaaaaaaaaaaaaaaaaaaaaaaaaaaaaaaaaaaaaaaaaaaaaaaaaaaaaaaaaaaaaaaaaaaaaaaaaaaaaaaaaaaaaaaaaaaaaaaaaaaaaaaaaaaaaaaaaaaaaaaaaaaaaaaaaaaaaaaaaaaaaaaaaaaaaaaaaaaaaaaaaaaaaaaaaaaaaaaaaaaaaaaaaaaaaaaaaaaaaaaaaaaaaaaaaaaaaaaaaaaaaaaaaaaaaaaaaaaaaaaaaaaaaaaaaaaaaaaaaaaaaaaaaaaaaaaaaaaaaaaaaaaaaaaaaaaaaaaaaaaaaaaaaaaaaaaaaaaaaaaaaaaaaaaaaaaaaaaaaaaaaaaaaaaaaaaaaaaaaaaaaaaaaaaaaaaaaaaaaaaaaaaaaaaaaaaaaaaaaaaaaaaaaaaaaaaaaaaaaaaaaaaaaaaaaaaaaaaaaaaaaaaaaaaaaaaaaaaaaaaaaaaaaaaaaaaaaaaaaaaaaaaaaaaaaaaaaaaaaaaaaaaaaaaaaaaaaaaaaaaaaaaaaaaaaaaaaaaaaaaaaaaaaaaaaaaaaaaaaaaaaaaaaaaaaaaaaaaaaaaaaaaaaaaaaaaaaaaaaaaaaaaaaaaaaaaaaaaaaaaaaaaaaaaaaaaaaaaaaaaaaaaaaaaaaaaaaaaaaaaaaaaaaaaaaaaaaaaaaaaaaaaaaaaaaaaaaaaaaaaaaaaaaaaaaaaaaaaaaaaaaaaaaaaaaaaaaaaaaaaaaaaaaaaaaaaaaaaaaaaaaaaaaaaaaaaaaaaaaaaaaaaaaaaaaaaaaaaaaaaaaaaaaaaaaaaaaaaaaaaaaaaaaaaaaaaaaaaaaaaaaaaaaaaaaaaaaaaaaaaaaaaaaaaaaaaaaaaaaaaaaaaaaaaaaaaaaaaaaaaaaaaaaaaaaaaaaaaaaaaaaaaaaaaaaaaaaaaaaaaaaaaaaaaaaaaaaaaaaaaaaaaaaaaaaaaaaaaaaaaaaaaaaaaaaaaaaaaaaaaaaaaaaaaaaaaaaaaaaaaaaaaaaaaaaaaaaaaaaaaaaaaaaaaaaaaaaaaaaaaaaaaaaaaaaaaaaaaaaaaaaaaaaaaaaaaaaaaaaaaaaaaaaaaaaaaaaaaaaaaaaaaaaaaaaaaaaaaaaaaaaaaaaaaaaaaaaaaaaaaaaaaaaaaaaaaaaaaaaaaaaaaaaaaaaaaaaaaaaaaaaaaaaaaaaaaaaaaaaaaaaaaaaaaaaaaaaaaaaaaaaaaaaaaaaaaaaaaaaaaaaaaaaaaaaaaaaaaaaaaaaaaaaaaaaaaaaaaaaaaaaaaaaaaaaaaaaaaaaaaaaaaaaaaaaaaaaaaaaaaaaaaaaaaaaaaaaaaaaaaaaaaaaaaaaaaaaaaaaaaaaaaaaaaaaaaaaaaaaaaaaaaaaaaaaaaaaaaaaaaaaaaaaaaaaaaaaaaaaaaaaaaaaaaaaaaaaaaaaaaaaaaaaaaaaaaaaaaaaaaaaaaaaaaaaaaaaa", "content_type": "image", "location": "", "created_at": "2023-09-13T06:21:08.448Z", "updated_at": "2023-09-13T06:21:08.448Z"}}, {"model": "posts.like", "pk": 10, "fields": {"user": 1, "post": 18, "created_at": "2023-08-10T06:51:25.974Z"}}, {"model": "posts.like", "pk": 35, "fields": {"user": 3, "post": 6, "created_at": "2023-08-10T11:21:25.917Z"}}, {"model": "posts.like", "pk": 51, "fields": {"user": 1, "post": 7, "created_at": "2023-08-14T09:49:53.644Z"}}, {"model": "posts.like", "pk": 52, "fields": {"user": 3, "post": 7, "created_at": "2023-08-14T09:52:08.835Z"}}, {"model": "posts.like", "pk": 57, "fields": {"user": 17, "post": 18, "created_at": "2023-08-16T10:51:38.717Z"}}, {"model": "posts.like", "pk": 58, "fields": {"user": 10, "post": 18, "created_at": "2023-08-16T10:52:44.040Z"}}, {"model": "posts.like", "pk": 59, "fields": {"user": 18, "post": 18, "created_at": "2023-08-16T10:53:45.838Z"}}, {"model": "posts.like", "pk": 77, "fields": {"user": 3, "post": 21, "created_at": "2023-08-17T10:18:07.593Z"}}, {"model": "posts.like", "pk": 78, "fields": {"user": 3, "post": 22, "created_at": "2023-08-17T10:24:36.735Z"}}, {"model": "posts.like", "pk": 83, "fields": {"user": 10, "post": 20, "created_at": "2023-08-17T11:32:09.653Z"}}, {"model": "posts.like", "pk": 86, "fields": {"user": 3, "post": 24, "created_at": "2023-08-17T11:54:45.304Z"}}, {"model": "posts.like", "pk": 121, "fields": {"user": 20, "post": 23, "created_at": "2023-08-25T05:07:57.524Z"}}, {"model": "posts.like", "pk": 122, "fields": {"user": 20, "post": 22, "created_at": "2023-08-25T05:07:58.932Z"}}, {"model": "posts.like", "pk": 123, "fields": {"user": 20, "post": 21, "created_at": "2023-08-25T05:08:00.549Z"}}, {"model": "posts.like", "pk": 124, "fields": {"user": 20, "post": 20, "created_at": "2023-08-25T05:08:02.256Z"}}, {"model": "posts.like", "pk": 125, "fields": {"user": 20, "post": 18, "created_at": "2023-08-25T05:08:04.435Z"}}, {"model": "posts.like", "pk": 127, "fields": {"user": 20, "post": 16, "created_at": "2023-08-25T05:08:08.451Z"}}, {"model": "posts.like", "pk": 128, "fields": {"user": 20, "post": 11, "created_at": "2023-08-25T05:08:10.857Z"}}, {"model": "posts.like", "pk": 129, "fields": {"user": 20, "post": 24, "created_at": "2023-08-25T11:09:40.436Z"}}, {"model": "posts.like", "pk": 131, "fields": {"user": 20, "post": 39, "created_at": "2023-08-31T03:24:53.580Z"}}, {"model": "posts.like", "pk": 132, "fields": {"user": 20, "post": 42, "created_at": "2023-09-01T03:45:00.806Z"}}, {"model": "posts.like", "pk": 134, "fields": {"user": 10, "post": 53, "created_at": "2023-09-01T07:36:51.889Z"}}, {"model": "posts.like", "pk": 135, "fields": {"user": 17, "post": 6, "created_at": "2023-09-01T07:37:56.371Z"}}, {"model": "posts.like", "pk": 136, "fields": {"user": 18, "post": 53, "created_at": "2023-09-01T07:38:17.462Z"}}, {"model": "posts.like", "pk": 139, "fields": {"user": 10, "post": 48, "created_at": "2023-09-01T07:38:52.442Z"}}, {"model": "posts.like", "pk": 142, "fields": {"user": 1, "post": 6, "created_at": "2023-09-04T07:13:08.099Z"}}, {"model": "posts.like", "pk": 143, "fields": {"user": 20, "post": 38, "created_at": "2023-09-06T05:03:30.455Z"}}, {"model": "posts.like", "pk": 145, "fields": {"user": 25, "post": 83, "created_at": "2023-09-12T06:45:09.070Z"}}, {"model": "posts.comment", "pk": 9, "fields": {"user": 10, "post": 6, "text": "Hi", "created_at": "2023-08-11T03:54:54.997Z", "parent_comment": null}}, {"model": "posts.comment", "pk": 10, "fields": {"user": 10, "post": 6, "text": "suajdhasujd", "created_at": "2023-08-11T04:58:06.599Z", "parent_comment": null}}, {"model": "posts.comment", "pk": 11, "fields": {"user": 3, "post": 18, "text": "Making my own insta clone day 2", "created_at": "2023-08-16T11:36:09.597Z", "parent_comment": null}}, {"model": "posts.comment", "pk": 12, "fields": {"user": 3, "post": 18, "text": "aw", "created_at": "2023-08-16T11:36:09.742Z", "parent_comment": null}}, {"model": "posts.comment", "pk": 13, "fields": {"user": 3, "post": 18, "text": "awd", "created_at": "2023-08-16T11:36:20.611Z", "parent_comment": null}}, {"model": "posts.comment", "pk": 14, "fields": {"user": 3, "post": 18, "text": "hey", "created_at": "2023-08-16T11:41:37.659Z", "parent_comment": null}}, {"model": "posts.comment", "pk": 15, "fields": {"user": 3, "post": 20, "text": "Wow", "created_at": "2023-08-17T05:52:14.303Z", "parent_comment": null}}, {"model": "posts.comment", "pk": 16, "fields": {"user": 17, "post": 20, "text": "Join us", "created_at": "2023-08-17T08:05:26.536Z", "parent_comment": null}}, {"model": "posts.comment", "pk": 17, "fields": {"user": 3, "post": 20, "text": "Wowww", "created_at": "2023-08-17T08:09:37.484Z", "parent_comment": null}}, {"model": "posts.comment", "pk": 18, "fields": {"user": 3, "post": 18, "text": "ehhh", "created_at": "2023-08-17T08:21:12.519Z", "parent_comment": null}}, {"model": "posts.comment", "pk": 19, "fields": {"user": 3, "post": 18, "text": "heheheh", "created_at": "2023-08-17T08:24:38.693Z", "parent_comment": null}}, {"model": "posts.comment", "pk": 20, "fields": {"user": 3, "post": 18, "text": "haihaihai", "created_at": "2023-08-17T08:26:31.670Z", "parent_comment": null}}, {"model": "posts.comment", "pk": 21, "fields": {"user": 3, "post": 18, "text": "aaaaaaaaaaaaa", "created_at": "2023-08-17T08:26:54.140Z", "parent_comment": null}}, {"model": "posts.comment", "pk": 22, "fields": {"user": 3, "post": 18, "text": "How are you", "created_at": "2023-08-17T08:27:58.153Z", "parent_comment": null}}, {"model": "posts.comment", "pk": 23, "fields": {"user": 3, "post": 21, "text": "Nice", "created_at": "2023-08-17T08:30:32.065Z", "parent_comment": null}}, {"model": "posts.comment", "pk": 24, "fields": {"user": 3, "post": 21, "text": "Good", "created_at": "2023-08-17T08:38:03.796Z", "parent_comment": null}}, {"model": "posts.comment", "pk": 25, "fields": {"user": 3, "post": 21, "text": "Wow", "created_at": "2023-08-17T08:38:34.187Z", "parent_comment": null}}, {"model": "posts.comment", "pk": 26, "fields": {"user": 10, "post": 21, "text": "First Comment", "created_at": "2023-08-17T08:48:54.911Z", "parent_comment": null}}, {"model": "posts.comment", "pk": 27, "fields": {"user": 3, "post": 20, "text": "Wowwww", "created_at": "2023-08-17T10:14:09.085Z", "parent_comment": null}}, {"model": "posts.comment", "pk": 28, "fields": {"user": 10, "post": 24, "text": "afds", "created_at": "2023-08-17T11:30:29.418Z", "parent_comment": null}}, {"model": "posts.comment", "pk": 29, "fields": {"user": 10, "post": 20, "text": "Where?", "created_at": "2023-08-17T11:32:01.126Z", "parent_comment": null}}, {"model": "posts.comment", "pk": 32, "fields": {"user": 20, "post": 18, "text": "nice", "created_at": "2023-08-18T09:31:40.855Z", "parent_comment": null}}, {"model": "posts.comment", "pk": 33, "fields": {"user": 20, "post": 18, "text": "yay", "created_at": "2023-08-18T09:32:06.701Z", "parent_comment": null}}, {"model": "posts.comment", "pk": 34, "fields": {"user": 20, "post": 22, "text": "padam chumma thee...", "created_at": "2023-08-23T06:50:37.104Z", "parent_comment": null}}, {"model": "posts.comment", "pk": 43, "fields": {"user": 20, "post": 11, "text": "Wow.", "created_at": "2023-08-25T09:55:24.386Z", "parent_comment": null}}, {"model": "posts.comment", "pk": 44, "fields": {"user": 20, "post": 24, "text": "wow", "created_at": "2023-08-25T11:09:53.640Z", "parent_comment": null}}, {"model": "posts.comment", "pk": 45, "fields": {"user": 20, "post": 24, "text": "this is great", "created_at": "2023-08-25T11:10:27.793Z", "parent_comment": null}}, {"model": "posts.comment", "pk": 47, "fields": {"user": 10, "post": 53, "text": "I learned to love spiders!", "created_at": "2023-09-01T07:29:08.962Z", "parent_comment": null}}, {"model": "posts.comment", "pk": 48, "fields": {"user": 20, "post": 52, "text": "wow", "created_at": "2023-09-01T08:20:56.672Z", "parent_comment": null}}, {"model": "posts.comment", "pk": 49, "fields": {"user": 20, "post": 57, "text": "woww", "created_at": "2023-09-01T11:07:17.369Z", "parent_comment": 50}}, {"model": "posts.comment", "pk": 50, "fields": {"user": 24, "post": 57, "text": "thee", "created_at": "2023-09-04T07:20:30.802Z", "parent_comment": null}}, {"model": "posts.comment", "pk": 51, "fields": {"user": 24, "post": 55, "text": "fsda", "created_at": "2023-09-04T07:21:00.957Z", "parent_comment": null}}, {"model": "posts.comment", "pk": 52, "fields": {"user": 1, "post": 57, "text": "hi", "created_at": "2023-09-04T11:20:46.245Z", "parent_comment": 50}}, {"model": "posts.comment", "pk": 53, "fields": {"user": 1, "post": 57, "text": "hi", "created_at": "2023-09-04T11:22:28.301Z", "parent_comment": null}}, {"model": "posts.comment", "pk": 54, "fields": {"user": 21, "post": 57, "text": "nice", "created_at": "2023-09-05T09:34:48.972Z", "parent_comment": null}}, {"model": "posts.comment", "pk": 55, "fields": {"user": 21, "post": 57, "text": "wow", "created_at": "2023-09-06T04:21:21.048Z", "parent_comment": null}}, {"model": "posts.comment", "pk": 56, "fields": {"user": 21, "post": 57, "text": "nice", "created_at": "2023-09-06T04:23:06.396Z", "parent_comment": null}}, {"model": "posts.comment", "pk": 57, "fields": {"user": 21, "post": 57, "text": "theeeee2", "created_at": "2023-09-06T04:24:24.827Z", "parent_comment": 50}}, {"model": "posts.comment", "pk": 58, "fields": {"user": 21, "post": 57, "text": "thee3", "created_at": "2023-09-06T04:45:29.651Z", "parent_comment": 53}}, {"model": "posts.comment", "pk": 59, "fields": {"user": 21, "post": 57, "text": "thee4", "created_at": "2023-09-06T04:46:11.880Z", "parent_comment": 53}}, {"model": "posts.comment", "pk": 60, "fields": {"user": 21, "post": 57, "text": "thee5", "created_at": "2023-09-06T04:46:17.799Z", "parent_comment": null}}, {"model": "posts.comment", "pk": 61, "fields": {"user": 21, "post": 57, "text": "reply of reply", "created_at": "2023-09-06T04:48:58.103Z", "parent_comment": 50}}, {"model": "posts.comment", "pk": 62, "fields": {"user": 21, "post": 57, "text": "ronaldo better siuuuuuuuuuuuuuuuuuu", "created_at": "2023-09-06T07:03:05.537Z", "parent_comment": null}}, {"model": "posts.comment", "pk": 63, "fields": {"user": 21, "post": 57, "text": "wowwww", "created_at": "2023-09-06T07:03:32.619Z", "parent_comment": 53}}, {"model": "posts.comment", "pk": 64, "fields": {"user": 21, "post": 42, "text": "noice", "created_at": "2023-09-06T09:44:19.712Z", "parent_comment": null}}, {"model": "posts.comment", "pk": 65, "fields": {"user": 21, "post": 42, "text": "yaaa", "created_at": "2023-09-06T09:45:49.873Z", "parent_comment": 64}}, {"model": "posts.comment", "pk": 66, "fields": {"user": 21, "post": 42, "text": "yaaa2", "created_at": "2023-09-06T09:47:03.098Z", "parent_comment": 64}}, {"model": "posts.comment", "pk": 67, "fields": {"user": 21, "post": 6, "text": "Enthonnade", "created_at": "2023-09-06T09:47:30.975Z", "parent_comment": 10}}, {"model": "posts.comment", "pk": 68, "fields": {"user": 21, "post": 57, "text": "reply of reply of reply", "created_at": "2023-09-06T11:25:04.071Z", "parent_comment": 50}}, {"model": "posts.comment", "pk": 69, "fields": {"user": 21, "post": 57, "text": "nice", "created_at": "2023-09-07T03:30:13.521Z", "parent_comment": 50}}, {"model": "posts.comment", "pk": 70, "fields": {"user": 21, "post": 52, "text": "woww", "created_at": "2023-09-07T03:48:33.082Z", "parent_comment": null}}, {"model": "posts.comment", "pk": 71, "fields": {"user": 21, "post": 52, "text": "woww2", "created_at": "2023-09-07T03:48:41.873Z", "parent_comment": 70}}, {"model": "posts.comment", "pk": 72, "fields": {"user": 21, "post": 52, "text": "woww3", "created_at": "2023-09-07T03:48:54.335Z", "parent_comment": 70}}, {"model": "posts.comment", "pk": 73, "fields": {"user": 21, "post": 57, "text": "kpi", "created_at": "2023-09-07T03:53:30.976Z", "parent_comment": 50}}, {"model": "posts.comment", "pk": 74, "fields": {"user": 21, "post": 57, "text": "asasfsaf", "created_at": "2023-09-07T03:55:39.997Z", "parent_comment": 50}}, {"model": "posts.comment", "pk": 75, "fields": {"user": 21, "post": 57, "text": "niceeeee", "created_at": "2023-09-07T03:56:14.565Z", "parent_comment": 53}}, {"model": "posts.comment", "pk": 76, "fields": {"user": 24, "post": 58, "text": "pgAdmin is ", "created_at": "2023-09-08T04:59:16.764Z", "parent_comment": null}}, {"model": "posts.comment", "pk": 77, "fields": {"user": 21, "post": 58, "text": "wowww", "created_at": "2023-09-08T06:09:16.482Z", "parent_comment": null}}, {"model": "posts.comment", "pk": 78, "fields": {"user": 21, "post": 58, "text": "wow3", "created_at": "2023-09-08T06:09:23.691Z", "parent_comment": 77}}, {"model": "posts.comment", "pk": 79, "fields": {"user": 25, "post": 58, "text": "", "created_at": "2023-09-08T10:35:06.188Z", "parent_comment": null}}, {"model": "posts.comment", "pk": 80, "fields": {"user": 25, "post": 58, "text": "", "created_at": "2023-09-08T11:06:21.057Z", "parent_comment": null}}, {"model": "posts.comment", "pk": 81, "fields": {"user": 25, "post": 58, "text": "that nice", "created_at": "2023-09-08T11:06:39.005Z", "parent_comment": 76}}, {"model": "posts.comment", "pk": 82, "fields": {"user": 25, "post": 58, "text": "wow4", "created_at": "2023-09-08T11:06:54.660Z", "parent_comment": 77}}, {"model": "posts.comment", "pk": 83, "fields": {"user": 25, "post": 71, "text": "theee...thee..theee", "created_at": "2023-09-11T09:16:01.849Z", "parent_comment": null}}, {"model": "posts.comment", "pk": 84, "fields": {"user": 25, "post": 74, "text": "", "created_at": "2023-09-11T10:14:58.139Z", "parent_comment": null}}, {"model": "posts.comment", "pk": 85, "fields": {"user": 25, "post": 74, "text": "", "created_at": "2023-09-11T10:18:41.015Z", "parent_comment": null}}, {"model": "posts.comment", "pk": 86, "fields": {"user": 25, "post": 74, "text": "", "created_at": "2023-09-11T10:19:17.982Z", "parent_comment": null}}, {"model": "posts.comment", "pk": 87, "fields": {"user": 10, "post": 53, "text": "aa", "created_at": "2023-09-13T03:49:51.017Z", "parent_comment": 47}}, {"model": "posts.comment", "pk": 88, "fields": {"user": 10, "post": 53, "text": "aaa", "created_at": "2023-09-13T03:50:11.283Z", "parent_comment": 47}}, {"model": "posts.comment", "pk": 89, "fields": {"user": 1, "post": 57, "text": "hi", "created_at": "2023-09-13T03:51:42.370Z", "parent_comment": null}}, {"model": "posts.comment", "pk": 90, "fields": {"user": 1, "post": 57, "text": "hi", "created_at": "2023-09-13T03:52:18.330Z", "parent_comment": null}}, {"model": "posts.comment", "pk": 91, "fields": {"user": 1, "post": 57, "text": "hi", "created_at": "2023-09-13T03:52:21.658Z", "parent_comment": 50}}, {"model": "posts.comment", "pk": 92, "fields": {"user": 25, "post": 85, "text": "adawdad", "created_at": "2023-09-13T08:11:53.429Z", "parent_comment": null}}, {"model": "posts.comment", "pk": 93, "fields": {"user": 25, "post": 85, "text": "awdawd", "created_at": "2023-09-13T08:11:56.218Z", "parent_comment": null}}, {"model": "posts.comment", "pk": 94, "fields": {"user": 25, "post": 85, "text": "awdawdawdad", "created_at": "2023-09-13T08:11:58.556Z", "parent_comment": null}}, {"model": "posts.comment", "pk": 95, "fields": {"user": 25, "post": 85, "text": "awdawdawdwadawd", "created_at": "2023-09-13T08:12:01.459Z", "parent_comment": null}}, {"model": "posts.comment", "pk": 96, "fields": {"user": 25, "post": 85, "text": "awdadawda", "created_at": "2023-09-13T08:12:03.367Z", "parent_comment": null}}, {"model": "posts.comment", "pk": 97, "fields": {"user": 25, "post": 85, "text": "awdawdawdad", "created_at": "2023-09-13T08:12:05.841Z", "parent_comment": null}}, {"model": "posts.comment", "pk": 98, "fields": {"user": 25, "post": 85, "text": "awdawdawdawd", "created_at": "2023-09-13T08:12:07.994Z", "parent_comment": null}}, {"model": "posts.comment", "pk": 99, "fields": {"user": 25, "post": 85, "text": "awdawdawdawd", "created_at": "2023-09-13T08:12:10.171Z", "parent_comment": null}}, {"model": "posts.comment", "pk": 100, "fields": {"user": 25, "post": 85, "text": "awdawdawdawd", "created_at": "2023-09-13T08:12:12.404Z", "parent_comment": null}}, {"model": "posts.comment", "pk": 101, "fields": {"user": 25, "post": 85, "text": "awdawdawdwadawd", "created_at": "2023-09-13T08:12:14.576Z", "parent_comment": null}}, {"model": "posts.commentlike", "pk": 1, "fields": {"user": 3, "comment": 16, "created_at": "2023-09-04T07:07:16.163Z"}}, {"model": "posts.commentlike", "pk": 5, "fields": {"user": 1, "comment": 10, "created_at": "2023-09-04T07:13:21.773Z"}}, {"model": "posts.commentlike", "pk": 6, "fields": {"user": 1, "comment": 50, "created_at": "2023-09-04T07:28:31.346Z"}}, {"model": "posts.commentlike", "pk": 15, "fields": {"user": 1, "comment": 61, "created_at": "2023-09-08T02:32:25.388Z"}}, {"model": "posts.commentlike", "pk": 16, "fields": {"user": 21, "comment": 50, "created_at": "2023-09-08T06:02:23.672Z"}}, {"model": "posts.commentlike", "pk": 17, "fields": {"user": 21, "comment": 73, "created_at": "2023-09-08T06:05:43.283Z"}}, {"model": "posts.commentlike", "pk": 19, "fields": {"user": 21, "comment": 78, "created_at": "2023-09-08T06:09:25.924Z"}}, {"model": "posts.commentlike", "pk": 20, "fields": {"user": 25, "comment": 50, "created_at": "2023-09-08T06:33:33.280Z"}}, {"model": "posts.commentlike", "pk": 21, "fields": {"user": 25, "comment": 49, "created_at": "2023-09-08T06:33:36.521Z"}}, {"model": "posts.commentlike", "pk": 22, "fields": {"user": 25, "comment": 51, "created_at": "2023-09-08T07:22:41.330Z"}}, {"model": "posts.commentlike", "pk": 23, "fields": {"user": 25, "comment": 78, "created_at": "2023-09-08T11:07:01.107Z"}}, {"model": "posts.commentlike", "pk": 25, "fields": {"user": 25, "comment": 83, "created_at": "2023-09-11T09:16:04.700Z"}}, {"model": "collection.collection", "pk": 1, "fields": {"user": 1, "name": "collection 1", "created_at": "2023-08-14T03:51:45.240Z"}}, {"model": "collection.collection", "pk": 2, "fields": {"user": 10, "name": "collection 1", "created_at": "2023-08-14T03:57:59.301Z"}}, {"model": "collection.collection", "pk": 3, "fields": {"user": 1, "name": "collection 1", "created_at": "2023-08-14T04:38:35.699Z"}}, {"model": "collection.collection", "pk": 4, "fields": {"user": 10, "name": "collection 1", "created_at": "2023-08-14T04:39:36.113Z"}}, {"model": "collection.collection", "pk": 5, "fields": {"user": 25, "name": "Cricket", "created_at": "2023-09-12T04:41:02.087Z"}}, {"model": "collection.collection", "pk": 6, "fields": {"user": 25, "name": "VolleyBall", "created_at": "2023-09-12T04:41:17.087Z"}}, {"model": "collection.collection", "pk": 7, "fields": {"user": 25, "name": "Football", "created_at": "2023-09-12T04:41:27.564Z"}}, {"model": "collection.collection", "pk": 8, "fields": {"user": 25, "name": "newColl", "created_at": "2023-09-13T06:12:16.123Z"}}, {"model": "collection.collection", "pk": 9, "fields": {"user": 25, "name": "BasketBall", "created_at": "2023-09-13T06:15:16.892Z"}}, {"model": "collection.collectionitem", "pk": 14, "fields": {"collection": 6, "post": 83}}, {"model": "collection.collectionitem", "pk": 26, "fields": {"collection": 4, "post": 83}}, {"model": "collection.collectionitem", "pk": 27, "fields": {"collection": 2, "post": 83}}, {"model": "collection.collectionitem", "pk": 29, "fields": {"collection": 1, "post": 74}}, {"model": "collection.collectionitem", "pk": 32, "fields": {"collection": 5, "post": 74}}, {"model": "collection.collectionitem", "pk": 33, "fields": {"collection": 7, "post": 73}}, {"model": "collection.collectionitem", "pk": 34, "fields": {"collection": 4, "post": 73}}, {"model": "follow.follow", "pk": 18, "fields": {"follower": 3, "following": 22, "created_at": "2023-08-17T08:10:37.334Z"}}, {"model": "follow.follow", "pk": 28, "fields": {"follower": 1, "following": 3, "created_at": "2023-08-22T06:05:59.153Z"}}, {"model": "follow.follow", "pk": 29, "fields": {"follower": 19, "following": 3, "created_at": "2023-08-22T06:06:15.469Z"}}, {"model": "follow.follow", "pk": 94, "fields": {"follower": 20, "following": 22, "created_at": "2023-08-25T11:22:42.413Z"}}, {"model": "follow.follow", "pk": 96, "fields": {"follower": 20, "following": 23, "created_at": "2023-08-31T03:26:18.292Z"}}, {"model": "follow.follow", "pk": 97, "fields": {"follower": 20, "following": 21, "created_at": "2023-08-31T03:26:19.651Z"}}, {"model": "follow.follow", "pk": 104, "fields": {"follower": 21, "following": 24, "created_at": "2023-09-06T08:38:03.771Z"}}, {"model": "follow.follow", "pk": 108, "fields": {"follower": 25, "following": 24, "created_at": "2023-09-08T11:09:56.559Z"}}, {"model": "follow.follow", "pk": 109, "fields": {"follower": 25, "following": 25, "created_at": "2023-09-08T11:09:59.074Z"}}, {"model": "follow.follow", "pk": 110, "fields": {"follower": 25, "following": 31, "created_at": "2023-09-11T06:28:22.830Z"}}, {"model": "follow.follow", "pk": 115, "fields": {"follower": 37, "following": 36, "created_at": "2023-09-12T09:38:26.339Z"}}, {"model": "follow.follow", "pk": 116, "fields": {"follower": 37, "following": 32, "created_at": "2023-09-12T09:38:27.024Z"}}, {"model": "follow.follow", "pk": 117, "fields": {"follower": 37, "following": 31, "created_at": "2023-09-12T09:38:28.137Z"}}, {"model": "follow.follow", "pk": 118, "fields": {"follower": 37, "following": 30, "created_at": "2023-09-12T09:38:28.937Z"}}, {"model": "follow.follow", "pk": 119, "fields": {"follower": 37, "following": 29, "created_at": "2023-09-12T09:38:29.513Z"}}, {"model": "follow.follow", "pk": 120, "fields": {"follower": 37, "following": 25, "created_at": "2023-09-12T09:38:30.288Z"}}, {"model": "chat.chat", "pk": 16, "fields": {"name": "One on one chat", "is_group_chat": false, "last_message": null, "admin": null, "created_at": "2023-09-05T05:57:25.049Z", "updated_at": "2023-09-05T05:57:25.049Z", "participants": [1, 18]}}, {"model": "chat.chat", "pk": 17, "fields": {"name": "One on one chat", "is_group_chat": false, "last_message": null, "admin": null, "created_at": "2023-09-05T05:57:36.584Z", "updated_at": "2023-09-05T05:57:36.584Z", "participants": [1, 19]}}, {"model": "chat.chat", "pk": 18, "fields": {"name": "One on one chat", "is_group_chat": false, "last_message": null, "admin": null, "created_at": "2023-09-05T05:59:43.675Z", "updated_at": "2023-09-05T05:59:43.676Z", "participants": [1, 20]}}, {"model": "chat.chat", "pk": 19, "fields": {"name": "Kanimangalam", "is_group_chat": true, "last_message": null, "admin": 1, "created_at": "2023-09-05T06:23:46.179Z", "updated_at": "2023-09-05T06:23:46.179Z", "participants": []}}, {"model": "chat.chat", "pk": 22, "fields": {"name": "Kanimangalam 1", "is_group_chat": true, "last_message": null, "admin": 1, "created_at": "2023-09-05T06:26:39.089Z", "updated_at": "2023-09-05T07:16:35.028Z", "participants": [1, 19, 20, 21, 22]}}, {"model": "chat.chat", "pk": 23, "fields": {"name": "Kanimangalam", "is_group_chat": true, "last_message": null, "admin": 1, "created_at": "2023-09-05T08:28:30.095Z", "updated_at": "2023-09-05T08:28:30.095Z", "participants": [19, 20, 21, 22]}}, {"model": "chat.chat", "pk": 24, "fields": {"name": "Kanimangalam", "is_group_chat": true, "last_message": null, "admin": 1, "created_at": "2023-09-05T08:29:53.047Z", "updated_at": "2023-09-05T08:29:53.047Z", "participants": [19, 20, 21, 22]}}, {"model": "chat.chatmessage", "pk": 1, "fields": {"sender": 1, "content": "Your message content goes here", "attachments": "[]", "chat": 22, "created_at": "2023-09-07T05:22:06.309Z", "updated_at": "2023-09-07T05:22:06.309Z"}}, {"model": "chat.chatmessage", "pk": 2, "fields": {"sender": 10, "content": "Your message content goes here", "attachments": "[]", "chat": 22, "created_at": "2023-09-07T05:23:05.221Z", "updated_at": "2023-09-07T05:23:05.221Z"}}, {"model": "chat.chatmessage", "pk": 3, "fields": {"sender": 1, "content": "Your message content goes here", "attachments": "[]", "chat": 22, "created_at": "2023-09-07T05:23:10.069Z", "updated_at": "2023-09-07T05:23:10.069Z"}}, {"model": "chat.chatmessage", "pk": 4, "fields": {"sender": 10, "content": "Your message content goes here", "attachments": "[]", "chat": 22, "created_at": "2023-09-07T05:23:13.648Z", "updated_at": "2023-09-07T05:23:13.648Z"}}, {"model": "chat.chatmessage", "pk": 5, "fields": {"sender": 1, "content": "Your message content goes here", "attachments": "[]", "chat": 22, "created_at": "2023-09-07T05:23:40.206Z", "updated_at": "2023-09-07T05:23:40.206Z"}}, {"model": "chat.chatmessage", "pk": 6, "fields": {"sender": 10, "content": "Your message content goes here", "attachments": "[]", "chat": 22, "created_at": "2023-09-07T05:25:51.604Z", "updated_at": "2023-09-07T05:25:51.604Z"}}, {"model": "chat.chatmessage", "pk": 7, "fields": {"sender": 10, "content": "Your message content goes here", "attachments": "[]", "chat": 22, "created_at": "2023-09-07T05:26:37.526Z", "updated_at": "2023-09-07T05:26:37.526Z"}}, {"model": "token_blacklist.outstandingtoken", "pk": 1, "fields": {"user": null, "jti": "fefd3d48bc5545899b57a5e284b96f6b", "token": "eyJhbGciOiJIUzI1NiIsInR5cCI6IkpXVCJ9.eyJ0b2tlbl90eXBlIjoicmVmcmVzaCIsImV4cCI6MTY5NTYzMjI4OSwiaWF0IjoxNjkzOTA0Mjg5LCJqdGkiOiJmZWZkM2Q0OGJjNTU0NTg5OWI1N2E1ZTI4NGI5NmY2YiIsInVzZXJfaWQiOjJ9.q4Frafmjwib6WR5h_tcvZUkiw8zL3lc3uWbespCUCi0", "created_at": null, "expires_at": "2023-09-25T08:58:09Z"}}, {"model": "token_blacklist.outstandingtoken", "pk": 2, "fields": {"user": null, "jti": "6fd0a9bef1774ba9b2fa0e0935c5c408", "token": "eyJhbGciOiJIUzI1NiIsInR5cCI6IkpXVCJ9.eyJ0b2tlbl90eXBlIjoicmVmcmVzaCIsImV4cCI6MTY5NTYyMDg5OCwiaWF0IjoxNjkzODkyODk4LCJqdGkiOiI2ZmQwYTliZWYxNzc0YmE5YjJmYTBlMDkzNWM1YzQwOCIsInVzZXJfaWQiOjI1fQ._Nxi9S5E54JdVa61Or71QDiheokadgSPf9saWukkpn8", "created_at": null, "expires_at": "2023-09-25T05:48:18Z"}}, {"model": "token_blacklist.outstandingtoken", "pk": 3, "fields": {"user": 25, "jti": "0605b10431ca4839b7e1871015c7e9c3", "token": "eyJhbGciOiJIUzI1NiIsInR5cCI6IkpXVCJ9.eyJ0b2tlbl90eXBlIjoicmVmcmVzaCIsImV4cCI6MTY5NTYzMjgxOSwiaWF0IjoxNjkzOTA0ODE5LCJqdGkiOiIwNjA1YjEwNDMxY2E0ODM5YjdlMTg3MTAxNWM3ZTljMyIsInVzZXJfaWQiOjI1fQ.XY6WfFCxcLa5h-FIp8JAvRdJq8OD_PSxe8Lpc9YuALs", "created_at": "2023-09-05T09:06:59.619Z", "expires_at": "2023-09-25T09:06:59Z"}}, {"model": "token_blacklist.outstandingtoken", "pk": 4, "fields": {"user": 25, "jti": "2b759d95dce1427ca392e5d47fa22423", "token": "eyJhbGciOiJIUzI1NiIsInR5cCI6IkpXVCJ9.eyJ0b2tlbl90eXBlIjoicmVmcmVzaCIsImV4cCI6MTY5NTYzMjg2NiwiaWF0IjoxNjkzOTA0ODY2LCJqdGkiOiIyYjc1OWQ5NWRjZTE0MjdjYTM5MmU1ZDQ3ZmEyMjQyMyIsInVzZXJfaWQiOjI1fQ.Rlkylxg0g04otFkL4m6GPhmAO0YrJa7y93F0udbDbFc", "created_at": "2023-09-05T09:07:46.793Z", "expires_at": "2023-09-25T09:07:46Z"}}, {"model": "token_blacklist.outstandingtoken", "pk": 5, "fields": {"user": 25, "jti": "c4125c98a85c4f55b0853216255e3afa", "token": "eyJhbGciOiJIUzI1NiIsInR5cCI6IkpXVCJ9.eyJ0b2tlbl90eXBlIjoicmVmcmVzaCIsImV4cCI6MTY5NTYzMzYxNCwiaWF0IjoxNjkzOTA1NjE0LCJqdGkiOiJjNDEyNWM5OGE4NWM0ZjU1YjA4NTMyMTYyNTVlM2FmYSIsInVzZXJfaWQiOjI1fQ.zpzgOvZJBHWpfodwzrhlrhhxImPva4T3GCZ3afxBYB4", "created_at": "2023-09-05T09:20:14.063Z", "expires_at": "2023-09-25T09:20:14Z"}}, {"model": "token_blacklist.outstandingtoken", "pk": 6, "fields": {"user": 25, "jti": "792fab83b6df4786b440e3bd58098a0b", "token": "eyJhbGciOiJIUzI1NiIsInR5cCI6IkpXVCJ9.eyJ0b2tlbl90eXBlIjoicmVmcmVzaCIsImV4cCI6MTY5NTYzMzY5OCwiaWF0IjoxNjkzOTA1Njk4LCJqdGkiOiI3OTJmYWI4M2I2ZGY0Nzg2YjQ0MGUzYmQ1ODA5OGEwYiIsInVzZXJfaWQiOjI1fQ.9bg8lvjrse7WFaZq7oN6QJhhWdR50dVXpYx5jZhiWaw", "created_at": "2023-09-05T09:21:38.560Z", "expires_at": "2023-09-25T09:21:38Z"}}, {"model": "token_blacklist.outstandingtoken", "pk": 7, "fields": {"user": 2, "jti": "5fc3c2a94c1848d7a80565c51062a324", "token": "eyJhbGciOiJIUzI1NiIsInR5cCI6IkpXVCJ9.eyJ0b2tlbl90eXBlIjoicmVmcmVzaCIsImV4cCI6MTY5NTY5NTIxNCwiaWF0IjoxNjkzOTY3MjE0LCJqdGkiOiI1ZmMzYzJhOTRjMTg0OGQ3YTgwNTY1YzUxMDYyYTMyNCIsInVzZXJfaWQiOjJ9.7dVZelNNtRthfM-AuG3G0KJHladH9b-Q2AOFjKHGjqc", "created_at": "2023-09-06T02:26:54.792Z", "expires_at": "2023-09-26T02:26:54Z"}}, {"model": "token_blacklist.outstandingtoken", "pk": 8, "fields": {"user": 25, "jti": "890c0b9555614ae5ad3923ec650f8adb", "token": "eyJhbGciOiJIUzI1NiIsInR5cCI6IkpXVCJ9.eyJ0b2tlbl90eXBlIjoicmVmcmVzaCIsImV4cCI6MTY5NTY5ODA5MCwiaWF0IjoxNjkzOTcwMDkwLCJqdGkiOiI4OTBjMGI5NTU1NjE0YWU1YWQzOTIzZWM2NTBmOGFkYiIsInVzZXJfaWQiOjI1fQ.bHEImvx9OUNzQMMS82s6fofJTa-x3fFCW0KKrES-4Gc", "created_at": "2023-09-06T03:14:50.023Z", "expires_at": "2023-09-26T03:14:50Z"}}, {"model": "token_blacklist.outstandingtoken", "pk": 9, "fields": {"user": 25, "jti": "34dd2958c88e42439d3f72679d1ea199", "token": "eyJhbGciOiJIUzI1NiIsInR5cCI6IkpXVCJ9.eyJ0b2tlbl90eXBlIjoicmVmcmVzaCIsImV4cCI6MTY5NTY5ODEzMSwiaWF0IjoxNjkzOTcwMTMxLCJqdGkiOiIzNGRkMjk1OGM4OGU0MjQzOWQzZjcyNjc5ZDFlYTE5OSIsInVzZXJfaWQiOjI1fQ.6rhhuWUHhLtatDlkS6QlQpdI953tZS0qTjCq0G5Y9qA", "created_at": "2023-09-06T03:15:31.898Z", "expires_at": "2023-09-26T03:15:31Z"}}, {"model": "token_blacklist.outstandingtoken", "pk": 10, "fields": {"user": 25, "jti": "b8fe9ad25247440499dbf3d09012c8a3", "token": "eyJhbGciOiJIUzI1NiIsInR5cCI6IkpXVCJ9.eyJ0b2tlbl90eXBlIjoicmVmcmVzaCIsImV4cCI6MTY5NTY5ODMxOSwiaWF0IjoxNjkzOTcwMzE5LCJqdGkiOiJiOGZlOWFkMjUyNDc0NDA0OTlkYmYzZDA5MDEyYzhhMyIsInVzZXJfaWQiOjI1fQ.gYOyihl6mqnAIKwOqLCttqpWbYKXfKXLLzFYE_ynOPQ", "created_at": "2023-09-06T03:18:39.480Z", "expires_at": "2023-09-26T03:18:39Z"}}, {"model": "token_blacklist.outstandingtoken", "pk": 11, "fields": {"user": 25, "jti": "f2623784fb1a4fb595414a0d1b4f0226", "token": "eyJhbGciOiJIUzI1NiIsInR5cCI6IkpXVCJ9.eyJ0b2tlbl90eXBlIjoicmVmcmVzaCIsImV4cCI6MTY5NTY5ODc0NSwiaWF0IjoxNjkzOTcwNzQ1LCJqdGkiOiJmMjYyMzc4NGZiMWE0ZmI1OTU0MTRhMGQxYjRmMDIyNiIsInVzZXJfaWQiOjI1fQ.j41PuISCeZr4JfXiGdhPKN4UDLhQ6hZC3HJlsRdplx0", "created_at": "2023-09-06T03:25:45.312Z", "expires_at": "2023-09-26T03:25:45Z"}}, {"model": "token_blacklist.outstandingtoken", "pk": 12, "fields": {"user": 25, "jti": "b4e6d35795dc4c72babe2496e3922efd", "token": "eyJhbGciOiJIUzI1NiIsInR5cCI6IkpXVCJ9.eyJ0b2tlbl90eXBlIjoicmVmcmVzaCIsImV4cCI6MTY5NTY5ODgwMiwiaWF0IjoxNjkzOTcwODAyLCJqdGkiOiJiNGU2ZDM1Nzk1ZGM0YzcyYmFiZTI0OTZlMzkyMmVmZCIsInVzZXJfaWQiOjI1fQ.kkW-aG1_yHfRa8T3MMZiJgVJj5CZ8ovFXqCO6HbUUvA", "created_at": "2023-09-06T03:26:42.887Z", "expires_at": "2023-09-26T03:26:42Z"}}, {"model": "token_blacklist.outstandingtoken", "pk": 13, "fields": {"user": 25, "jti": "180f99db0d2a4b57a4732a79cd9c965d", "token": "eyJhbGciOiJIUzI1NiIsInR5cCI6IkpXVCJ9.eyJ0b2tlbl90eXBlIjoicmVmcmVzaCIsImV4cCI6MTY5NTY5OTgxOSwiaWF0IjoxNjkzOTcxODE5LCJqdGkiOiIxODBmOTlkYjBkMmE0YjU3YTQ3MzJhNzljZDljOTY1ZCIsInVzZXJfaWQiOjI1fQ.MOdsXRzpDMsEt3ad9Yuu68nv5Ov3Ij0HLhjnenxAlTo", "created_at": "2023-09-06T03:43:39.837Z", "expires_at": "2023-09-26T03:43:39Z"}}, {"model": "token_blacklist.outstandingtoken", "pk": 14, "fields": {"user": 24, "jti": "f398e49b18c54fe29a86191598b3ffac", "token": "eyJhbGciOiJIUzI1NiIsInR5cCI6IkpXVCJ9.eyJ0b2tlbl90eXBlIjoicmVmcmVzaCIsImV4cCI6MTY5NTcwNDUzNCwiaWF0IjoxNjkzOTc2NTM0LCJqdGkiOiJmMzk4ZTQ5YjE4YzU0ZmUyOWE4NjE5MTU5OGIzZmZhYyIsInVzZXJfaWQiOjI0fQ.x47WimdVF1LG-9uB5DbDqQm0UeQH_gNesUKdi4ggAIA", "created_at": "2023-09-06T05:02:14.038Z", "expires_at": "2023-09-26T05:02:14Z"}}, {"model": "token_blacklist.outstandingtoken", "pk": 15, "fields": {"user": 25, "jti": "56e08e91bcd54f8599afd1e1de3f999e", "token": "eyJhbGciOiJIUzI1NiIsInR5cCI6IkpXVCJ9.eyJ0b2tlbl90eXBlIjoicmVmcmVzaCIsImV4cCI6MTY5NTcwNzY1NywiaWF0IjoxNjkzOTc5NjU3LCJqdGkiOiI1NmUwOGU5MWJjZDU0Zjg1OTlhZmQxZTFkZTNmOTk5ZSIsInVzZXJfaWQiOjI1fQ.Z2RQZO0boABYybqfh6y2pKtqoAyMJIJRpZdN2LKCd_U", "created_at": "2023-09-06T05:54:17.930Z", "expires_at": "2023-09-26T05:54:17Z"}}, {"model": "token_blacklist.outstandingtoken", "pk": 16, "fields": {"user": 25, "jti": "04361ece52f6441eb41cf39c94469ff9", "token": "eyJhbGciOiJIUzI1NiIsInR5cCI6IkpXVCJ9.eyJ0b2tlbl90eXBlIjoicmVmcmVzaCIsImV4cCI6MTY5NTcwNzY5NSwiaWF0IjoxNjkzOTc5Njk1LCJqdGkiOiIwNDM2MWVjZTUyZjY0NDFlYjQxY2YzOWM5NDQ2OWZmOSIsInVzZXJfaWQiOjI1fQ._IKdgEAMoCHrUqz7gH7Ier77DuF_SIlwKn4FF9OPnO4", "created_at": "2023-09-06T05:54:55.847Z", "expires_at": "2023-09-26T05:54:55Z"}}, {"model": "token_blacklist.outstandingtoken", "pk": 17, "fields": {"user": 25, "jti": "7c515f954f6a401aa6eeae72fe1a0b30", "token": "eyJhbGciOiJIUzI1NiIsInR5cCI6IkpXVCJ9.eyJ0b2tlbl90eXBlIjoicmVmcmVzaCIsImV4cCI6MTY5NTcwNzcwNCwiaWF0IjoxNjkzOTc5NzA0LCJqdGkiOiI3YzUxNWY5NTRmNmE0MDFhYTZlZWFlNzJmZTFhMGIzMCIsInVzZXJfaWQiOjI1fQ.R4ZAGyZJuA85RczwRRkmqpkTea7keR5J4nFDMp6LzAU", "created_at": "2023-09-06T05:55:04.232Z", "expires_at": "2023-09-26T05:55:04Z"}}, {"model": "token_blacklist.outstandingtoken", "pk": 18, "fields": {"user": 25, "jti": "d4a50b91a650459792e9bdedcdf89063", "token": "eyJhbGciOiJIUzI1NiIsInR5cCI6IkpXVCJ9.eyJ0b2tlbl90eXBlIjoicmVmcmVzaCIsImV4cCI6MTY5NTcwNzcyOCwiaWF0IjoxNjkzOTc5NzI4LCJqdGkiOiJkNGE1MGI5MWE2NTA0NTk3OTJlOWJkZWRjZGY4OTA2MyIsInVzZXJfaWQiOjI1fQ.o3PVQFWkPlqraZCIamvD-Zu8lTFQ2KHvTjLEyyP7iuA", "created_at": "2023-09-06T05:55:28.173Z", "expires_at": "2023-09-26T05:55:28Z"}}, {"model": "token_blacklist.outstandingtoken", "pk": 19, "fields": {"user": 25, "jti": "44b4239d26584f3e9da2d96ec8107122", "token": "eyJhbGciOiJIUzI1NiIsInR5cCI6IkpXVCJ9.eyJ0b2tlbl90eXBlIjoicmVmcmVzaCIsImV4cCI6MTY5NTcwNzk2MywiaWF0IjoxNjkzOTc5OTYzLCJqdGkiOiI0NGI0MjM5ZDI2NTg0ZjNlOWRhMmQ5NmVjODEwNzEyMiIsInVzZXJfaWQiOjI1fQ.kJoYOHkZ_GsXUtkBmzaOwnNdEMwbfYK7P_gurwpbTIc", "created_at": "2023-09-06T05:59:23.251Z", "expires_at": "2023-09-26T05:59:23Z"}}, {"model": "token_blacklist.outstandingtoken", "pk": 20, "fields": {"user": 25, "jti": "0a722105672e4e869af5e113a0b406e2", "token": "eyJhbGciOiJIUzI1NiIsInR5cCI6IkpXVCJ9.eyJ0b2tlbl90eXBlIjoicmVmcmVzaCIsImV4cCI6MTY5NTcwODEwNSwiaWF0IjoxNjkzOTgwMTA1LCJqdGkiOiIwYTcyMjEwNTY3MmU0ZTg2OWFmNWUxMTNhMGI0MDZlMiIsInVzZXJfaWQiOjI1fQ.wuqEBNR96e07yWSI9MdtPaemeNWdDUZ759Q9E8ZGgic", "created_at": "2023-09-06T06:01:45.973Z", "expires_at": "2023-09-26T06:01:45Z"}}, {"model": "token_blacklist.outstandingtoken", "pk": 21, "fields": {"user": 25, "jti": "da4877b155c14b54a83e2531399f0ead", "token": "eyJhbGciOiJIUzI1NiIsInR5cCI6IkpXVCJ9.eyJ0b2tlbl90eXBlIjoicmVmcmVzaCIsImV4cCI6MTY5NTcwODEyMiwiaWF0IjoxNjkzOTgwMTIyLCJqdGkiOiJkYTQ4NzdiMTU1YzE0YjU0YTgzZTI1MzEzOTlmMGVhZCIsInVzZXJfaWQiOjI1fQ.zf93pveZDoMGJ-6hyRzcbKZWJ1TNM3Q9m-WFoW_Qfq4", "created_at": "2023-09-06T06:02:02.036Z", "expires_at": "2023-09-26T06:02:02Z"}}, {"model": "token_blacklist.outstandingtoken", "pk": 22, "fields": {"user": 25, "jti": "c0273fafefc24cb1a618ba6777aa79be", "token": "eyJhbGciOiJIUzI1NiIsInR5cCI6IkpXVCJ9.eyJ0b2tlbl90eXBlIjoicmVmcmVzaCIsImV4cCI6MTY5NTcwODI4NywiaWF0IjoxNjkzOTgwMjg3LCJqdGkiOiJjMDI3M2ZhZmVmYzI0Y2IxYTYxOGJhNjc3N2FhNzliZSIsInVzZXJfaWQiOjI1fQ.9n0eTY_OtgAA-K-pz8L3y9KPG6di6ePKDVK6Zhp4-BY", "created_at": "2023-09-06T06:04:47.443Z", "expires_at": "2023-09-26T06:04:47Z"}}, {"model": "token_blacklist.outstandingtoken", "pk": 23, "fields": {"user": 25, "jti": "7a27c4fb94964197ad0b03aebf95531a", "token": "eyJhbGciOiJIUzI1NiIsInR5cCI6IkpXVCJ9.eyJ0b2tlbl90eXBlIjoicmVmcmVzaCIsImV4cCI6MTY5NTcxNzMyMSwiaWF0IjoxNjkzOTg5MzIxLCJqdGkiOiI3YTI3YzRmYjk0OTY0MTk3YWQwYjAzYWViZjk1NTMxYSIsInVzZXJfaWQiOjI1fQ.nJX3V2q1f50eo6OdjzsdH-ydPyI-YhiRv6D72WFM-Uk", "created_at": "2023-09-06T08:35:21.568Z", "expires_at": "2023-09-26T08:35:21Z"}}, {"model": "token_blacklist.outstandingtoken", "pk": 24, "fields": {"user": 25, "jti": "5ee7d0a2973d4b20a0094fb405ffb96c", "token": "eyJhbGciOiJIUzI1NiIsInR5cCI6IkpXVCJ9.eyJ0b2tlbl90eXBlIjoicmVmcmVzaCIsImV4cCI6MTY5NTcyMjI1OCwiaWF0IjoxNjkzOTk0MjU4LCJqdGkiOiI1ZWU3ZDBhMjk3M2Q0YjIwYTAwOTRmYjQwNWZmYjk2YyIsInVzZXJfaWQiOjI1fQ.m_-BrkLXj2I-AVdQsI0uAFihyMSHqi8a6nT9xdzFWU0", "created_at": "2023-09-06T09:57:38.789Z", "expires_at": "2023-09-26T09:57:38Z"}}, {"model": "token_blacklist.outstandingtoken", "pk": 25, "fields": {"user": 9, "jti": "3703ecc428654342b4a7ff51115c2e83", "token": "eyJhbGciOiJIUzI1NiIsInR5cCI6IkpXVCJ9.eyJ0b2tlbl90eXBlIjoicmVmcmVzaCIsImV4cCI6MTY5NTc5MTE2MywiaWF0IjoxNjk0MDYzMTYzLCJqdGkiOiIzNzAzZWNjNDI4NjU0MzQyYjRhN2ZmNTExMTVjMmU4MyIsInVzZXJfaWQiOjl9.iua-PBgeqJTAgbn-k2GxNTzf_RKnhPm6vNLeuHPtYUg", "created_at": "2023-09-07T05:06:03.622Z", "expires_at": "2023-09-27T05:06:03Z"}}, {"model": "token_blacklist.outstandingtoken", "pk": 26, "fields": {"user": 25, "jti": "6b438f446b5a4599b19ab22e538ce133", "token": "eyJhbGciOiJIUzI1NiIsInR5cCI6IkpXVCJ9.eyJ0b2tlbl90eXBlIjoicmVmcmVzaCIsImV4cCI6MTY5NTg4MTM5MiwiaWF0IjoxNjk0MTUzMzkyLCJqdGkiOiI2YjQzOGY0NDZiNWE0NTk5YjE5YWIyMmU1MzhjZTEzMyIsInVzZXJfaWQiOjI1fQ.k8nJRRLG1DFg2fbWXiO0F9RxiZVU0u0t8dzQy6_y4kg", "created_at": "2023-09-08T06:09:52.114Z", "expires_at": "2023-09-28T06:09:52Z"}}, {"model": "token_blacklist.outstandingtoken", "pk": 27, "fields": {"user": 30, "jti": "8fb9c0d9b5004dc6aa7b97aeebcea2a7", "token": "eyJhbGciOiJIUzI1NiIsInR5cCI6IkpXVCJ9.eyJ0b2tlbl90eXBlIjoicmVmcmVzaCIsImV4cCI6MTY5NTg4MTc0NiwiaWF0IjoxNjk0MTUzNzQ2LCJqdGkiOiI4ZmI5YzBkOWI1MDA0ZGM2YWE3Yjk3YWVlYmNlYTJhNyIsInVzZXJfaWQiOjMwfQ.hCa9dE1JoPQP0usMs9l311fyTZQQkvRyUTfCkbieZAw", "created_at": "2023-09-08T06:15:46.352Z", "expires_at": "2023-09-28T06:15:46Z"}}, {"model": "token_blacklist.outstandingtoken", "pk": 28, "fields": {"user": 30, "jti": "bae95fa8cc3d42bd94677cd2af661c03", "token": "eyJhbGciOiJIUzI1NiIsInR5cCI6IkpXVCJ9.eyJ0b2tlbl90eXBlIjoicmVmcmVzaCIsImV4cCI6MTY5NTg4MjI0MCwiaWF0IjoxNjk0MTU0MjQwLCJqdGkiOiJiYWU5NWZhOGNjM2Q0MmJkOTQ2NzdjZDJhZjY2MWMwMyIsInVzZXJfaWQiOjMwfQ.5yFVRxpDKVZMQ2NfVNkk--ZMvFIqVwT_4ht7TGrRchM", "created_at": "2023-09-08T06:24:00.519Z", "expires_at": "2023-09-28T06:24:00Z"}}, {"model": "token_blacklist.outstandingtoken", "pk": 29, "fields": {"user": 25, "jti": "0e0dbd5336324dbcb3e506396945d1cb", "token": "eyJhbGciOiJIUzI1NiIsInR5cCI6IkpXVCJ9.eyJ0b2tlbl90eXBlIjoicmVmcmVzaCIsImV4cCI6MTY5NTg4MjY5NywiaWF0IjoxNjk0MTU0Njk3LCJqdGkiOiIwZTBkYmQ1MzM2MzI0ZGJjYjNlNTA2Mzk2OTQ1ZDFjYiIsInVzZXJfaWQiOjI1fQ.yJoIb1I2g47fXmzr9fHY3DTEkMOTVQIn3vF9vRqZprY", "created_at": "2023-09-08T06:31:37.578Z", "expires_at": "2023-09-28T06:31:37Z"}}, {"model": "token_blacklist.outstandingtoken", "pk": 30, "fields": {"user": 30, "jti": "4c66bd044f074333817f10e9e516091d", "token": "eyJhbGciOiJIUzI1NiIsInR5cCI6IkpXVCJ9.eyJ0b2tlbl90eXBlIjoicmVmcmVzaCIsImV4cCI6MTY5NTg4MjczMiwiaWF0IjoxNjk0MTU0NzMyLCJqdGkiOiI0YzY2YmQwNDRmMDc0MzMzODE3ZjEwZTllNTE2MDkxZCIsInVzZXJfaWQiOjMwfQ.NEn1FSgP8BXkFSX8MC3r4Dy8SB_8olSQmprYdvQ9Mbk", "created_at": "2023-09-08T06:32:12.922Z", "expires_at": "2023-09-28T06:32:12Z"}}, {"model": "token_blacklist.outstandingtoken", "pk": 31, "fields": {"user": 30, "jti": "79262b8cbf3d475da6f473587a4aa487", "token": "eyJhbGciOiJIUzI1NiIsInR5cCI6IkpXVCJ9.eyJ0b2tlbl90eXBlIjoicmVmcmVzaCIsImV4cCI6MTY5NTg4NDQxNCwiaWF0IjoxNjk0MTU2NDE0LCJqdGkiOiI3OTI2MmI4Y2JmM2Q0NzVkYTZmNDczNTg3YTRhYTQ4NyIsInVzZXJfaWQiOjMwfQ.Jvq44TELy943cFAHjaZydjaZ6BKItWjovGkQ0AeI-24", "created_at": "2023-09-08T07:00:14.904Z", "expires_at": "2023-09-28T07:00:14Z"}}, {"model": "token_blacklist.outstandingtoken", "pk": 32, "fields": {"user": 30, "jti": "a7af207a26594341ba6d5cd373d50665", "token": "eyJhbGciOiJIUzI1NiIsInR5cCI6IkpXVCJ9.eyJ0b2tlbl90eXBlIjoicmVmcmVzaCIsImV4cCI6MTY5NTg4NDgxMywiaWF0IjoxNjk0MTU2ODEzLCJqdGkiOiJhN2FmMjA3YTI2NTk0MzQxYmE2ZDVjZDM3M2Q1MDY2NSIsInVzZXJfaWQiOjMwfQ.QidNQT_W_UVymV18lA2GHkeOHa2EpokIYm8qShZIgjg", "created_at": "2023-09-08T07:06:53.193Z", "expires_at": "2023-09-28T07:06:53Z"}}, {"model": "token_blacklist.outstandingtoken", "pk": 33, "fields": {"user": 25, "jti": "48443e8f98bd4f5a9ebdbaedb4d41fb8", "token": "eyJhbGciOiJIUzI1NiIsInR5cCI6IkpXVCJ9.eyJ0b2tlbl90eXBlIjoicmVmcmVzaCIsImV4cCI6MTY5NTg4NTE0OSwiaWF0IjoxNjk0MTU3MTQ5LCJqdGkiOiI0ODQ0M2U4Zjk4YmQ0ZjVhOWViZGJhZWRiNGQ0MWZiOCIsInVzZXJfaWQiOjI1fQ.hNDZ48DsDfXE-gaLa5ibM2XczmjW0rgt3FBK4K-x69s", "created_at": "2023-09-08T07:12:29.383Z", "expires_at": "2023-09-28T07:12:29Z"}}, {"model": "token_blacklist.outstandingtoken", "pk": 34, "fields": {"user": 30, "jti": "6cafd2d4944d4b9dbcf19a299f5b837f", "token": "eyJhbGciOiJIUzI1NiIsInR5cCI6IkpXVCJ9.eyJ0b2tlbl90eXBlIjoicmVmcmVzaCIsImV4cCI6MTY5NTg4NTMxNCwiaWF0IjoxNjk0MTU3MzE0LCJqdGkiOiI2Y2FmZDJkNDk0NGQ0YjlkYmNmMTlhMjk5ZjViODM3ZiIsInVzZXJfaWQiOjMwfQ.N3P1dGgP7T7kSQBOS6a4-yetioBTJpudVEBjWUsf-Jo", "created_at": "2023-09-08T07:15:14.938Z", "expires_at": "2023-09-28T07:15:14Z"}}, {"model": "token_blacklist.outstandingtoken", "pk": 35, "fields": {"user": 30, "jti": "68644b8ccec24cb0bf841779b2856844", "token": "eyJhbGciOiJIUzI1NiIsInR5cCI6IkpXVCJ9.eyJ0b2tlbl90eXBlIjoicmVmcmVzaCIsImV4cCI6MTY5NTg4NTM1MSwiaWF0IjoxNjk0MTU3MzUxLCJqdGkiOiI2ODY0NGI4Y2NlYzI0Y2IwYmY4NDE3NzliMjg1Njg0NCIsInVzZXJfaWQiOjMwfQ.7ip_Z7eKt9sf63vMlwNctl1k2tJcpsOpnyBJodIDNuE", "created_at": "2023-09-08T07:15:51.443Z", "expires_at": "2023-09-28T07:15:51Z"}}, {"model": "token_blacklist.outstandingtoken", "pk": 36, "fields": {"user": 25, "jti": "bc1e3ba6cfbf4a69a1fc00c4625b0593", "token": "eyJhbGciOiJIUzI1NiIsInR5cCI6IkpXVCJ9.eyJ0b2tlbl90eXBlIjoicmVmcmVzaCIsImV4cCI6MTY5NTg4NTczNSwiaWF0IjoxNjk0MTU3NzM1LCJqdGkiOiJiYzFlM2JhNmNmYmY0YTY5YTFmYzAwYzQ2MjViMDU5MyIsInVzZXJfaWQiOjI1fQ.l14P17mT2YZ0Rri_lr6wWLu1SPyCCpiIgH1tI9AOTEM", "created_at": "2023-09-08T07:22:15.281Z", "expires_at": "2023-09-28T07:22:15Z"}}, {"model": "token_blacklist.outstandingtoken", "pk": 37, "fields": {"user": 30, "jti": "eb99cb2df0d7422d8cb196b50a38ef8d", "token": "eyJhbGciOiJIUzI1NiIsInR5cCI6IkpXVCJ9.eyJ0b2tlbl90eXBlIjoicmVmcmVzaCIsImV4cCI6MTY5NTg4NTc1MywiaWF0IjoxNjk0MTU3NzUzLCJqdGkiOiJlYjk5Y2IyZGYwZDc0MjJkOGNiMTk2YjUwYTM4ZWY4ZCIsInVzZXJfaWQiOjMwfQ.Uvq__-azpFxrc2whNiLIHt9KnQ1vfmNpa_ozyrJZbOA", "created_at": "2023-09-08T07:22:33.386Z", "expires_at": "2023-09-28T07:22:33Z"}}, {"model": "token_blacklist.outstandingtoken", "pk": 38, "fields": {"user": 25, "jti": "b887b609e5ed46fbb3f0407955f7dd2d", "token": "eyJhbGciOiJIUzI1NiIsInR5cCI6IkpXVCJ9.eyJ0b2tlbl90eXBlIjoicmVmcmVzaCIsImV4cCI6MTY5NTg5MjYwNiwiaWF0IjoxNjk0MTY0NjA2LCJqdGkiOiJiODg3YjYwOWU1ZWQ0NmZiYjNmMDQwNzk1NWY3ZGQyZCIsInVzZXJfaWQiOjI1fQ.c3sFZe39MQimVfWP-xVoXH8FaflKAvXK_Mm3g4jYDQ4", "created_at": "2023-09-08T09:16:46.011Z", "expires_at": "2023-09-28T09:16:46Z"}}, {"model": "token_blacklist.outstandingtoken", "pk": 39, "fields": {"user": null, "jti": "5db409c9ef1343c581f2c1ab88633449", "token": "eyJhbGciOiJIUzI1NiIsInR5cCI6IkpXVCJ9.eyJ0b2tlbl90eXBlIjoicmVmcmVzaCIsImV4cCI6MTY5NTg5NjY1MiwiaWF0IjoxNjk0MTY4NjUyLCJqdGkiOiI1ZGI0MDljOWVmMTM0M2M1ODFmMmMxYWI4ODYzMzQ0OSIsInVzZXJfaWQiOjMxfQ.tphPOkc70Nwz9_6teLIpJAmqbdLdBGbJlnUUIQx_7j4", "created_at": "2023-09-08T10:24:12.217Z", "expires_at": "2023-09-28T10:24:12Z"}}, {"model": "token_blacklist.outstandingtoken", "pk": 40, "fields": {"user": null, "jti": "85f2d1aba27f4639b56e704e1349ef0b", "token": "eyJhbGciOiJIUzI1NiIsInR5cCI6IkpXVCJ9.eyJ0b2tlbl90eXBlIjoicmVmcmVzaCIsImV4cCI6MTY5NTg5Njg3NCwiaWF0IjoxNjk0MTY4ODc0LCJqdGkiOiI4NWYyZDFhYmEyN2Y0NjM5YjU2ZTcwNGUxMzQ5ZWYwYiIsInVzZXJfaWQiOjMyfQ.vU0ZvVzDuvl9LGAerQu80JNmkaEKLRbz423Yg9CUJVk", "created_at": "2023-09-08T10:27:54.089Z", "expires_at": "2023-09-28T10:27:54Z"}}, {"model": "token_blacklist.outstandingtoken", "pk": 41, "fields": {"user": 30, "jti": "60e065bf005a4374a0a02849bb20451c", "token": "eyJhbGciOiJIUzI1NiIsInR5cCI6IkpXVCJ9.eyJ0b2tlbl90eXBlIjoicmVmcmVzaCIsImV4cCI6MTY5NTg5NjkwNSwiaWF0IjoxNjk0MTY4OTA1LCJqdGkiOiI2MGUwNjViZjAwNWE0Mzc0YTBhMDI4NDliYjIwNDUxYyIsInVzZXJfaWQiOjMwfQ.FnfzXwnJey8JLJ8gK55-n_nTDMqz2PGY8jYVKwm-sYg", "created_at": "2023-09-08T10:28:25.723Z", "expires_at": "2023-09-28T10:28:25Z"}}, {"model": "token_blacklist.outstandingtoken", "pk": 42, "fields": {"user": 30, "jti": "157ee7cffe2945929b55bc604408ae56", "token": "eyJhbGciOiJIUzI1NiIsInR5cCI6IkpXVCJ9.eyJ0b2tlbl90eXBlIjoicmVmcmVzaCIsImV4cCI6MTY5NTg5NzM2NiwiaWF0IjoxNjk0MTY5MzY2LCJqdGkiOiIxNTdlZTdjZmZlMjk0NTkyOWI1NWJjNjA0NDA4YWU1NiIsInVzZXJfaWQiOjMwfQ.385ntnMyGRBRGEg9eGDSkC49B5nXV8fgPY7HKYQ9btg", "created_at": "2023-09-08T10:36:06.873Z", "expires_at": "2023-09-28T10:36:06Z"}}, {"model": "token_blacklist.outstandingtoken", "pk": 43, "fields": {"user": 30, "jti": "29a4c95ec4d244f49d0beb26831b0321", "token": "eyJhbGciOiJIUzI1NiIsInR5cCI6IkpXVCJ9.eyJ0b2tlbl90eXBlIjoicmVmcmVzaCIsImV4cCI6MTY5NTg5OTAwMSwiaWF0IjoxNjk0MTcxMDAxLCJqdGkiOiIyOWE0Yzk1ZWM0ZDI0NGY0OWQwYmViMjY4MzFiMDMyMSIsInVzZXJfaWQiOjMwfQ.7NJHB4ciXNwZQhFOTpPMjhC7V0NsyA9C4PKiJj0IdIo", "created_at": "2023-09-08T11:03:21.941Z", "expires_at": "2023-09-28T11:03:21Z"}}, {"model": "token_blacklist.outstandingtoken", "pk": 44, "fields": {"user": 25, "jti": "d87d6f20e8ce4389bd16bb0cfa657e70", "token": "eyJhbGciOiJIUzI1NiIsInR5cCI6IkpXVCJ9.eyJ0b2tlbl90eXBlIjoicmVmcmVzaCIsImV4cCI6MTY5NTg5OTA0NSwiaWF0IjoxNjk0MTcxMDQ1LCJqdGkiOiJkODdkNmYyMGU4Y2U0Mzg5YmQxNmJiMGNmYTY1N2U3MCIsInVzZXJfaWQiOjI1fQ.fEMgquhihSQRZnwJQonLudFKvjLGQs_fHD63WrkCS38", "created_at": "2023-09-08T11:04:05.499Z", "expires_at": "2023-09-28T11:04:05Z"}}, {"model": "token_blacklist.outstandingtoken", "pk": 45, "fields": {"user": 25, "jti": "ad7df545ed26419db9e58d57baf0d21b", "token": "eyJhbGciOiJIUzI1NiIsInR5cCI6IkpXVCJ9.eyJ0b2tlbl90eXBlIjoicmVmcmVzaCIsImV4cCI6MTY5NTg5OTA4NSwiaWF0IjoxNjk0MTcxMDg1LCJqdGkiOiJhZDdkZjU0NWVkMjY0MTlkYjllNThkNTdiYWYwZDIxYiIsInVzZXJfaWQiOjI1fQ.uMxpQiUNnrY4rZzDgF8yJv6jcu-ZDcGvY09zb_oSd0o", "created_at": "2023-09-08T11:04:45.072Z", "expires_at": "2023-09-28T11:04:45Z"}}, {"model": "token_blacklist.outstandingtoken", "pk": 46, "fields": {"user": 30, "jti": "a71c2c1ca00841f6ace1e5d0483a198f", "token": "eyJhbGciOiJIUzI1NiIsInR5cCI6IkpXVCJ9.eyJ0b2tlbl90eXBlIjoicmVmcmVzaCIsImV4cCI6MTY5NTg5OTEwOCwiaWF0IjoxNjk0MTcxMTA4LCJqdGkiOiJhNzFjMmMxY2EwMDg0MWY2YWNlMWU1ZDA0ODNhMTk4ZiIsInVzZXJfaWQiOjMwfQ.CjykNONU4nme5nEoQ2QVlcPQxeF7GxhQY9k_Waw1TuA", "created_at": "2023-09-08T11:05:08.761Z", "expires_at": "2023-09-28T11:05:08Z"}}, {"model": "token_blacklist.outstandingtoken", "pk": 47, "fields": {"user": null, "jti": "6b223f44f5f74a2b841468b6d862257d", "token": "eyJhbGciOiJIUzI1NiIsInR5cCI6IkpXVCJ9.eyJ0b2tlbl90eXBlIjoicmVmcmVzaCIsImV4cCI6MTY5NTg5OTI2NSwiaWF0IjoxNjk0MTcxMjY1LCJqdGkiOiI2YjIyM2Y0NGY1Zjc0YTJiODQxNDY4YjZkODYyMjU3ZCIsInVzZXJfaWQiOjMzfQ.Ed_6fDC2satu03PBc1M0SpMGOkq7XURgkcuV0quUbFY", "created_at": "2023-09-08T11:07:45.945Z", "expires_at": "2023-09-28T11:07:45Z"}}, {"model": "token_blacklist.outstandingtoken", "pk": 48, "fields": {"user": 30, "jti": "4a08d129316d48b5a06ebd1855dc6b29", "token": "eyJhbGciOiJIUzI1NiIsInR5cCI6IkpXVCJ9.eyJ0b2tlbl90eXBlIjoicmVmcmVzaCIsImV4cCI6MTY5NTg5OTMwMSwiaWF0IjoxNjk0MTcxMzAxLCJqdGkiOiI0YTA4ZDEyOTMxNmQ0OGI1YTA2ZWJkMTg1NWRjNmIyOSIsInVzZXJfaWQiOjMwfQ.f7VYSNTNLyQrO5TsppV2ME735O9cJ0Cr2horvlLu8oA", "created_at": "2023-09-08T11:08:21.215Z", "expires_at": "2023-09-28T11:08:21Z"}}, {"model": "token_blacklist.outstandingtoken", "pk": 49, "fields": {"user": 34, "jti": "361d28d283524fe9a57fdcde6a1a6ffd", "token": "eyJhbGciOiJIUzI1NiIsInR5cCI6IkpXVCJ9.eyJ0b2tlbl90eXBlIjoicmVmcmVzaCIsImV4cCI6MTY5NjEzMTg3MywiaWF0IjoxNjk0NDAzODczLCJqdGkiOiIzNjFkMjhkMjgzNTI0ZmU5YTU3ZmRjZGU2YTFhNmZmZCIsInVzZXJfaWQiOjM0fQ.VsDG1yOq16LDNkynfT3mabODKszlWz8ahe1F6KfY2RQ", "created_at": "2023-09-11T03:44:33.202Z", "expires_at": "2023-10-01T03:44:33Z"}}, {"model": "token_blacklist.outstandingtoken", "pk": 50, "fields": {"user": 34, "jti": "d1826b47c8e048ac872cedb17285252d", "token": "eyJhbGciOiJIUzI1NiIsInR5cCI6IkpXVCJ9.eyJ0b2tlbl90eXBlIjoicmVmcmVzaCIsImV4cCI6MTY5NjEzNDcwNSwiaWF0IjoxNjk0NDA2NzA1LCJqdGkiOiJkMTgyNmI0N2M4ZTA0OGFjODcyY2VkYjE3Mjg1MjUyZCIsInVzZXJfaWQiOjM0fQ.GfSHtNIG_HUUA9G-HDKAfO4eY9j88GMJIDML1hNPtFE", "created_at": "2023-09-11T04:31:45.428Z", "expires_at": "2023-10-01T04:31:45Z"}}, {"model": "token_blacklist.outstandingtoken", "pk": 51, "fields": {"user": 2, "jti": "236ca35b0fe94edc83bb33021642cd25", "token": "eyJhbGciOiJIUzI1NiIsInR5cCI6IkpXVCJ9.eyJ0b2tlbl90eXBlIjoicmVmcmVzaCIsImV4cCI6MTY5NjEzNDc4NywiaWF0IjoxNjk0NDA2Nzg3LCJqdGkiOiIyMzZjYTM1YjBmZTk0ZWRjODNiYjMzMDIxNjQyY2QyNSIsInVzZXJfaWQiOjJ9.JgTvRrnGGhPSO7-LvB7GBoqJZbTDVtr7IPaoCaOuxow", "created_at": "2023-09-11T04:33:07.489Z", "expires_at": "2023-10-01T04:33:07Z"}}, {"model": "token_blacklist.outstandingtoken", "pk": 52, "fields": {"user": 34, "jti": "5a66df1d23fa4226a3132972435073b9", "token": "eyJhbGciOiJIUzI1NiIsInR5cCI6IkpXVCJ9.eyJ0b2tlbl90eXBlIjoicmVmcmVzaCIsImV4cCI6MTY5NjEzNTEwOSwiaWF0IjoxNjk0NDA3MTA5LCJqdGkiOiI1YTY2ZGYxZDIzZmE0MjI2YTMxMzI5NzI0MzUwNzNiOSIsInVzZXJfaWQiOjM0fQ.9DrK5yh_gvNbXsAG4KuZnrfZLnSWMfxnAMLN894OXjI", "created_at": "2023-09-11T04:38:29.197Z", "expires_at": "2023-10-01T04:38:29Z"}}, {"model": "token_blacklist.outstandingtoken", "pk": 53, "fields": {"user": 34, "jti": "d75c5233c59b48558adacfda3baf6ec9", "token": "eyJhbGciOiJIUzI1NiIsInR5cCI6IkpXVCJ9.eyJ0b2tlbl90eXBlIjoicmVmcmVzaCIsImV4cCI6MTY5NjEzNTEzOSwiaWF0IjoxNjk0NDA3MTM5LCJqdGkiOiJkNzVjNTIzM2M1OWI0ODU1OGFkYWNmZGEzYmFmNmVjOSIsInVzZXJfaWQiOjM0fQ.7i7rLrfAVtDzRFvUUIp7QGVq2xsUJkbJDscOz3IWNA8", "created_at": "2023-09-11T04:38:59.878Z", "expires_at": "2023-10-01T04:38:59Z"}}, {"model": "token_blacklist.outstandingtoken", "pk": 54, "fields": {"user": 35, "jti": "d5adf7857bae4c9ba6aeac86029f446a", "token": "eyJhbGciOiJIUzI1NiIsInR5cCI6IkpXVCJ9.eyJ0b2tlbl90eXBlIjoicmVmcmVzaCIsImV4cCI6MTY5NjEzNjIwOSwiaWF0IjoxNjk0NDA4MjA5LCJqdGkiOiJkNWFkZjc4NTdiYWU0YzliYTZhZWFjODYwMjlmNDQ2YSIsInVzZXJfaWQiOjM1fQ.hwg387bQMOsNLKLioCZz9Q_wUq701TC92CHDkUR5miw", "created_at": "2023-09-11T04:56:49.287Z", "expires_at": "2023-10-01T04:56:49Z"}}, {"model": "token_blacklist.outstandingtoken", "pk": 55, "fields": {"user": 35, "jti": "0d5c84713c4842a3bc7756653b5da72a", "token": "eyJhbGciOiJIUzI1NiIsInR5cCI6IkpXVCJ9.eyJ0b2tlbl90eXBlIjoicmVmcmVzaCIsImV4cCI6MTY5NjE0MTQ1NSwiaWF0IjoxNjk0NDEzNDU1LCJqdGkiOiIwZDVjODQ3MTNjNDg0MmEzYmM3NzU2NjUzYjVkYTcyYSIsInVzZXJfaWQiOjM1fQ.lVzi06WA1jdbGTJuwwbItrTYxstzdb4UdcdhwnSpAXo", "created_at": "2023-09-11T06:24:15.316Z", "expires_at": "2023-10-01T06:24:15Z"}}, {"model": "token_blacklist.outstandingtoken", "pk": 56, "fields": {"user": 36, "jti": "d60cdc2eb3914f39a4475a326d13cda4", "token": "eyJhbGciOiJIUzI1NiIsInR5cCI6IkpXVCJ9.eyJ0b2tlbl90eXBlIjoicmVmcmVzaCIsImV4cCI6MTY5NjE0MTU1NywiaWF0IjoxNjk0NDEzNTU3LCJqdGkiOiJkNjBjZGMyZWIzOTE0ZjM5YTQ0NzVhMzI2ZDEzY2RhNCIsInVzZXJfaWQiOjM2fQ.C3T0_LOaUEsnZtqGsMiZd6CiOr-jL9R38i7ViHF0rBk", "created_at": "2023-09-11T06:25:57.451Z", "expires_at": "2023-10-01T06:25:57Z"}}, {"model": "token_blacklist.outstandingtoken", "pk": 57, "fields": {"user": 36, "jti": "b9ed5ba6ddcc4ba7b92837c80c7bd51f", "token": "eyJhbGciOiJIUzI1NiIsInR5cCI6IkpXVCJ9.eyJ0b2tlbl90eXBlIjoicmVmcmVzaCIsImV4cCI6MTY5NjE0MTYxNSwiaWF0IjoxNjk0NDEzNjE1LCJqdGkiOiJiOWVkNWJhNmRkY2M0YmE3YjkyODM3YzgwYzdiZDUxZiIsInVzZXJfaWQiOjM2fQ.bUN_psAbEhC_CrvnCEkW5cqFb-eMKWypeJyS7QH5AX0", "created_at": "2023-09-11T06:26:55.545Z", "expires_at": "2023-10-01T06:26:55Z"}}, {"model": "token_blacklist.outstandingtoken", "pk": 58, "fields": {"user": 36, "jti": "03e0be770de24df8aa36216ec35ca57e", "token": "eyJhbGciOiJIUzI1NiIsInR5cCI6IkpXVCJ9.eyJ0b2tlbl90eXBlIjoicmVmcmVzaCIsImV4cCI6MTY5NjE0MTY2OCwiaWF0IjoxNjk0NDEzNjY4LCJqdGkiOiIwM2UwYmU3NzBkZTI0ZGY4YWEzNjIxNmVjMzVjYTU3ZSIsInVzZXJfaWQiOjM2fQ.yJLSnfs8iipdudxbePlwKLSuzOBlIVm2QfRtZFCY67c", "created_at": "2023-09-11T06:27:48.026Z", "expires_at": "2023-10-01T06:27:48Z"}}, {"model": "token_blacklist.outstandingtoken", "pk": 59, "fields": {"user": 30, "jti": "9e5699dec062465cb8dd612af4ab44d7", "token": "eyJhbGciOiJIUzI1NiIsInR5cCI6IkpXVCJ9.eyJ0b2tlbl90eXBlIjoicmVmcmVzaCIsImV4cCI6MTY5NjE0MTY3NCwiaWF0IjoxNjk0NDEzNjc0LCJqdGkiOiI5ZTU2OTlkZWMwNjI0NjVjYjhkZDYxMmFmNGFiNDRkNyIsInVzZXJfaWQiOjMwfQ.9iXPvjB9HlFrEOPsP5qLKNOwNL4pAPhkMh4FR7m9O8E", "created_at": "2023-09-11T06:27:54.598Z", "expires_at": "2023-10-01T06:27:54Z"}}, {"model": "token_blacklist.outstandingtoken", "pk": 60, "fields": {"user": 30, "jti": "19d45b53364743e4a2570565f5db221b", "token": "eyJhbGciOiJIUzI1NiIsInR5cCI6IkpXVCJ9.eyJ0b2tlbl90eXBlIjoicmVmcmVzaCIsImV4cCI6MTY5NjE0MTY4OCwiaWF0IjoxNjk0NDEzNjg4LCJqdGkiOiIxOWQ0NWI1MzM2NDc0M2U0YTI1NzA1NjVmNWRiMjIxYiIsInVzZXJfaWQiOjMwfQ.V-bksCSl5ultWgOo3oEM0rFoGyHwsGQyIoRqy_zCZ2c", "created_at": "2023-09-11T06:28:08.637Z", "expires_at": "2023-10-01T06:28:08Z"}}, {"model": "token_blacklist.outstandingtoken", "pk": 61, "fields": {"user": 30, "jti": "4114dde64c2a49b08a4f02b5d489cde6", "token": "eyJhbGciOiJIUzI1NiIsInR5cCI6IkpXVCJ9.eyJ0b2tlbl90eXBlIjoicmVmcmVzaCIsImV4cCI6MTY5NjE0NDc3NSwiaWF0IjoxNjk0NDE2Nzc1LCJqdGkiOiI0MTE0ZGRlNjRjMmE0OWIwOGE0ZjAyYjVkNDg5Y2RlNiIsInVzZXJfaWQiOjMwfQ.5zGf4_opNnoRucVzqh-UETTgb6dJWZePPy6B7ClIdI4", "created_at": "2023-09-11T07:19:35.084Z", "expires_at": "2023-10-01T07:19:35Z"}}, {"model": "token_blacklist.outstandingtoken", "pk": 62, "fields": {"user": 2, "jti": "026675c1e83248618d501b3cd0696d4e", "token": "eyJhbGciOiJIUzI1NiIsInR5cCI6IkpXVCJ9.eyJ0b2tlbl90eXBlIjoicmVmcmVzaCIsImV4cCI6MTY5NjE0NTMzNCwiaWF0IjoxNjk0NDE3MzM0LCJqdGkiOiIwMjY2NzVjMWU4MzI0ODYxOGQ1MDFiM2NkMDY5NmQ0ZSIsInVzZXJfaWQiOjJ9.izyVL7ix1q2U0QhOYkEfDrGknL1J6xwAYtU3gc0bHDg", "created_at": "2023-09-11T07:28:54.307Z", "expires_at": "2023-10-01T07:28:54Z"}}, {"model": "token_blacklist.outstandingtoken", "pk": 63, "fields": {"user": 2, "jti": "8fe9959217834b1a96ad5b36f4b9da3d", "token": "eyJhbGciOiJIUzI1NiIsInR5cCI6IkpXVCJ9.eyJ0b2tlbl90eXBlIjoicmVmcmVzaCIsImV4cCI6MTY5NjE0NTM3OSwiaWF0IjoxNjk0NDE3Mzc5LCJqdGkiOiI4ZmU5OTU5MjE3ODM0YjFhOTZhZDViMzZmNGI5ZGEzZCIsInVzZXJfaWQiOjJ9.5xqnxCUdkq1BkU6W2nFCJEMywDOc1y11ZuiAKjYVRvo", "created_at": "2023-09-11T07:29:39.665Z", "expires_at": "2023-10-01T07:29:39Z"}}, {"model": "token_blacklist.outstandingtoken", "pk": 64, "fields": {"user": 30, "jti": "a1b4b14ad7bb42ecb12127fcf5d5449f", "token": "eyJhbGciOiJIUzI1NiIsInR5cCI6IkpXVCJ9.eyJ0b2tlbl90eXBlIjoicmVmcmVzaCIsImV4cCI6MTY5NjE1MzM2OCwiaWF0IjoxNjk0NDI1MzY4LCJqdGkiOiJhMWI0YjE0YWQ3YmI0MmVjYjEyMTI3ZmNmNWQ1NDQ5ZiIsInVzZXJfaWQiOjMwfQ.e7BtVxE9idj6mxUgUSsPhJf19oPIfVvK9xh9_Ui1z8c", "created_at": "2023-09-11T09:42:48.694Z", "expires_at": "2023-10-01T09:42:48Z"}}, {"model": "token_blacklist.outstandingtoken", "pk": 65, "fields": {"user": 30, "jti": "60f685672fb249fa9941e46af6e84d8e", "token": "eyJhbGciOiJIUzI1NiIsInR5cCI6IkpXVCJ9.eyJ0b2tlbl90eXBlIjoicmVmcmVzaCIsImV4cCI6MTY5NjE1NjgzNywiaWF0IjoxNjk0NDI4ODM3LCJqdGkiOiI2MGY2ODU2NzJmYjI0OWZhOTk0MWU0NmFmNmU4NGQ4ZSIsInVzZXJfaWQiOjMwfQ.o2FzIvCPPPFt7VMq25CT9vuMqXKKOJDMeZ4xsD-lxEY", "created_at": "2023-09-11T10:40:37.108Z", "expires_at": "2023-10-01T10:40:37Z"}}, {"model": "token_blacklist.outstandingtoken", "pk": 66, "fields": {"user": 9, "jti": "264a117541714f6a888f877ad92512db", "token": "eyJhbGciOiJIUzI1NiIsInR5cCI6IkpXVCJ9.eyJ0b2tlbl90eXBlIjoicmVmcmVzaCIsImV4cCI6MTY5NjIxNzIzNCwiaWF0IjoxNjk0NDg5MjM0LCJqdGkiOiIyNjRhMTE3NTQxNzE0ZjZhODg4Zjg3N2FkOTI1MTJkYiIsInVzZXJfaWQiOjl9.QWZtWWhpTvdSdTkncePELEnKAumpSMSs4OdWgrmmbOk", "created_at": "2023-09-12T03:27:14.981Z", "expires_at": "2023-10-02T03:27:14Z"}}, {"model": "token_blacklist.outstandingtoken", "pk": 67, "fields": {"user": 41, "jti": "f5a6e53df18c49549d4d4032eb86a231", "token": "eyJhbGciOiJIUzI1NiIsInR5cCI6IkpXVCJ9.eyJ0b2tlbl90eXBlIjoicmVmcmVzaCIsImV4cCI6MTY5NjIyNzIxMiwiaWF0IjoxNjk0NDk5MjEyLCJqdGkiOiJmNWE2ZTUzZGYxOGM0OTU0OWQ0ZDQwMzJlYjg2YTIzMSIsInVzZXJfaWQiOjQxfQ.ovbzmggCxwkzgf3wtKjIzg9FLirqFe4QHzC0jAnhqj4", "created_at": "2023-09-12T06:13:32.069Z", "expires_at": "2023-10-02T06:13:32Z"}}, {"model": "token_blacklist.outstandingtoken", "pk": 68, "fields": {"user": 30, "jti": "e83f63efde64444292c4ad44b5bf9f9d", "token": "eyJhbGciOiJIUzI1NiIsInR5cCI6IkpXVCJ9.eyJ0b2tlbl90eXBlIjoicmVmcmVzaCIsImV4cCI6MTY5NjIyOTEwMCwiaWF0IjoxNjk0NTAxMTAwLCJqdGkiOiJlODNmNjNlZmRlNjQ0NDQyOTJjNGFkNDRiNWJmOWY5ZCIsInVzZXJfaWQiOjMwfQ.fOzZdZ_GHzdPGvC8hfZGX31B3yyUYqqUI9lLlUrFCos", "created_at": "2023-09-12T06:45:00.149Z", "expires_at": "2023-10-02T06:45:00Z"}}, {"model": "token_blacklist.outstandingtoken", "pk": 69, "fields": {"user": 30, "jti": "295a8a7b06f940a2917e43b883ab2e9b", "token": "eyJhbGciOiJIUzI1NiIsInR5cCI6IkpXVCJ9.eyJ0b2tlbl90eXBlIjoicmVmcmVzaCIsImV4cCI6MTY5NjIyOTUxOSwiaWF0IjoxNjk0NTAxNTE5LCJqdGkiOiIyOTVhOGE3YjA2Zjk0MGEyOTE3ZTQzYjg4M2FiMmU5YiIsInVzZXJfaWQiOjMwfQ.feAoihPkPlDBjZLzkvYhBC1nWkvcStad2Z2vBkhWB0Y", "created_at": "2023-09-12T06:51:59.262Z", "expires_at": "2023-10-02T06:51:59Z"}}, {"model": "token_blacklist.outstandingtoken", "pk": 70, "fields": {"user": 42, "jti": "df8948880e7d40e8b3385441d36e3a47", "token": "eyJhbGciOiJIUzI1NiIsInR5cCI6IkpXVCJ9.eyJ0b2tlbl90eXBlIjoicmVmcmVzaCIsImV4cCI6MTY5NjIzOTQ2NCwiaWF0IjoxNjk0NTExNDY0LCJqdGkiOiJkZjg5NDg4ODBlN2Q0MGU4YjMzODU0NDFkMzZlM2E0NyIsInVzZXJfaWQiOjQyfQ.E3-_qDPrt-amgjfNj2-IOpvj14o8iERrqMSwoRoCw10", "created_at": "2023-09-12T09:37:44.074Z", "expires_at": "2023-10-02T09:37:44Z"}}, {"model": "token_blacklist.outstandingtoken", "pk": 71, "fields": {"user": 42, "jti": "99d63e91a23c4e8a9b302da5db0478f6", "token": "eyJhbGciOiJIUzI1NiIsInR5cCI6IkpXVCJ9.eyJ0b2tlbl90eXBlIjoicmVmcmVzaCIsImV4cCI6MTY5NjIzOTY0MiwiaWF0IjoxNjk0NTExNjQyLCJqdGkiOiI5OWQ2M2U5MWEyM2M0ZThhOWIzMDJkYTVkYjA0NzhmNiIsInVzZXJfaWQiOjQyfQ.g8GAp_SlENotto5nZnR4a2O7IjMxFe8_ZcTeUCe4pPc", "created_at": "2023-09-12T09:40:42.503Z", "expires_at": "2023-10-02T09:40:42Z"}}, {"model": "token_blacklist.blacklistedtoken", "pk": 1, "fields": {"token": 1, "blacklisted_at": "2023-09-05T09:02:22.577Z"}}, {"model": "token_blacklist.blacklistedtoken", "pk": 2, "fields": {"token": 2, "blacklisted_at": "2023-09-05T09:05:26.025Z"}}, {"model": "token_blacklist.blacklistedtoken", "pk": 3, "fields": {"token": 3, "blacklisted_at": "2023-09-05T09:07:04.940Z"}}, {"model": "token_blacklist.blacklistedtoken", "pk": 4, "fields": {"token": 4, "blacklisted_at": "2023-09-05T09:07:51.261Z"}}, {"model": "token_blacklist.blacklistedtoken", "pk": 5, "fields": {"token": 5, "blacklisted_at": "2023-09-05T09:21:30.684Z"}}, {"model": "token_blacklist.blacklistedtoken", "pk": 6, "fields": {"token": 6, "blacklisted_at": "2023-09-05T09:38:25.306Z"}}, {"model": "token_blacklist.blacklistedtoken", "pk": 7, "fields": {"token": 8, "blacklisted_at": "2023-09-06T03:15:15.697Z"}}, {"model": "token_blacklist.blacklistedtoken", "pk": 8, "fields": {"token": 9, "blacklisted_at": "2023-09-06T03:18:18.923Z"}}, {"model": "token_blacklist.blacklistedtoken", "pk": 9, "fields": {"token": 10, "blacklisted_at": "2023-09-06T03:25:26.374Z"}}, {"model": "token_blacklist.blacklistedtoken", "pk": 10, "fields": {"token": 13, "blacklisted_at": "2023-09-06T05:54:01.984Z"}}, {"model": "token_blacklist.blacklistedtoken", "pk": 11, "fields": {"token": 15, "blacklisted_at": "2023-09-06T05:54:21.047Z"}}, {"model": "token_blacklist.blacklistedtoken", "pk": 12, "fields": {"token": 16, "blacklisted_at": "2023-09-06T05:54:59.215Z"}}, {"model": "token_blacklist.blacklistedtoken", "pk": 13, "fields": {"token": 17, "blacklisted_at": "2023-09-06T05:55:11.864Z"}}, {"model": "token_blacklist.blacklistedtoken", "pk": 14, "fields": {"token": 18, "blacklisted_at": "2023-09-06T05:56:02.125Z"}}, {"model": "token_blacklist.blacklistedtoken", "pk": 15, "fields": {"token": 19, "blacklisted_at": "2023-09-06T05:59:35.492Z"}}, {"model": "token_blacklist.blacklistedtoken", "pk": 16, "fields": {"token": 20, "blacklisted_at": "2023-09-06T06:01:54.193Z"}}, {"model": "token_blacklist.blacklistedtoken", "pk": 17, "fields": {"token": 21, "blacklisted_at": "2023-09-06T06:02:16.252Z"}}, {"model": "token_blacklist.blacklistedtoken", "pk": 18, "fields": {"token": 22, "blacklisted_at": "2023-09-06T09:57:10.960Z"}}, {"model": "token_blacklist.blacklistedtoken", "pk": 19, "fields": {"token": 24, "blacklisted_at": "2023-09-08T06:09:45.707Z"}}, {"model": "token_blacklist.blacklistedtoken", "pk": 20, "fields": {"token": 26, "blacklisted_at": "2023-09-08T06:13:47.991Z"}}, {"model": "token_blacklist.blacklistedtoken", "pk": 21, "fields": {"token": 27, "blacklisted_at": "2023-09-08T06:23:48.869Z"}}, {"model": "token_blacklist.blacklistedtoken", "pk": 22, "fields": {"token": 28, "blacklisted_at": "2023-09-08T06:31:21.759Z"}}, {"model": "token_blacklist.blacklistedtoken", "pk": 23, "fields": {"token": 29, "blacklisted_at": "2023-09-08T06:32:07.533Z"}}, {"model": "token_blacklist.blacklistedtoken", "pk": 24, "fields": {"token": 30, "blacklisted_at": "2023-09-08T06:56:19.843Z"}}, {"model": "token_blacklist.blacklistedtoken", "pk": 25, "fields": {"token": 31, "blacklisted_at": "2023-09-08T07:00:19.803Z"}}, {"model": "token_blacklist.blacklistedtoken", "pk": 26, "fields": {"token": 32, "blacklisted_at": "2023-09-08T07:10:24.265Z"}}, {"model": "token_blacklist.blacklistedtoken", "pk": 27, "fields": {"token": 34, "blacklisted_at": "2023-09-08T07:15:28.891Z"}}, {"model": "token_blacklist.blacklistedtoken", "pk": 28, "fields": {"token": 35, "blacklisted_at": "2023-09-08T07:21:40.665Z"}}, {"model": "token_blacklist.blacklistedtoken", "pk": 29, "fields": {"token": 37, "blacklisted_at": "2023-09-08T09:16:37.240Z"}}, {"model": "token_blacklist.blacklistedtoken", "pk": 30, "fields": {"token": 38, "blacklisted_at": "2023-09-08T10:23:00.214Z"}}, {"model": "token_blacklist.blacklistedtoken", "pk": 31, "fields": {"token": 41, "blacklisted_at": "2023-09-08T10:35:26.703Z"}}, {"model": "token_blacklist.blacklistedtoken", "pk": 32, "fields": {"token": 42, "blacklisted_at": "2023-09-08T11:03:02.824Z"}}, {"model": "token_blacklist.blacklistedtoken", "pk": 33, "fields": {"token": 43, "blacklisted_at": "2023-09-08T11:03:24.920Z"}}, {"model": "token_blacklist.blacklistedtoken", "pk": 34, "fields": {"token": 46, "blacklisted_at": "2023-09-08T11:07:25.793Z"}}, {"model": "token_blacklist.blacklistedtoken", "pk": 35, "fields": {"token": 48, "blacklisted_at": "2023-09-11T03:43:43.005Z"}}, {"model": "token_blacklist.blacklistedtoken", "pk": 36, "fields": {"token": 49, "blacklisted_at": "2023-09-11T04:30:34.245Z"}}, {"model": "token_blacklist.blacklistedtoken", "pk": 37, "fields": {"token": 53, "blacklisted_at": "2023-09-11T04:56:12.125Z"}}, {"model": "token_blacklist.blacklistedtoken", "pk": 38, "fields": {"token": 55, "blacklisted_at": "2023-09-11T06:25:05.653Z"}}, {"model": "token_blacklist.blacklistedtoken", "pk": 39, "fields": {"token": 58, "blacklisted_at": "2023-09-11T06:27:52.600Z"}}, {"model": "token_blacklist.blacklistedtoken", "pk": 40, "fields": {"token": 61, "blacklisted_at": "2023-09-11T07:23:01.786Z"}}, {"model": "token_blacklist.blacklistedtoken", "pk": 41, "fields": {"token": 63, "blacklisted_at": "2023-09-11T07:32:55.502Z"}}, {"model": "token_blacklist.blacklistedtoken", "pk": 42, "fields": {"token": 60, "blacklisted_at": "2023-09-11T09:37:40.958Z"}}, {"model": "token_blacklist.blacklistedtoken", "pk": 43, "fields": {"token": 64, "blacklisted_at": "2023-09-11T10:33:20.910Z"}}, {"model": "token_blacklist.blacklistedtoken", "pk": 44, "fields": {"token": 65, "blacklisted_at": "2023-09-12T06:11:38.278Z"}}, {"model": "token_blacklist.blacklistedtoken", "pk": 45, "fields": {"token": 67, "blacklisted_at": "2023-09-12T06:44:44.900Z"}}]